datetimes,Grupo de edad,dead,icu_total,icu_original,icu_gamma
2021-01-01,40-49,2.1632653061224487,2.4697992346486095,2.4697992346486095,0.0
2021-01-02,40-49,2.142857142857143,2.500602691711621,2.500602691711621,0.0
2021-01-03,40-49,2.4285714285714284,2.5333845886123765,2.5333845886123765,0.0
2021-01-04,40-49,2.5714285714285716,2.568306324462076,2.568306324462076,0.0
2021-01-05,40-49,3.0,2.605585971410291,2.605585971410291,0.0
2021-01-06,40-49,2.142857142857143,2.6455972056093944,2.6455972056093944,0.0
2021-01-07,40-49,2.142857142857143,2.6889031749878742,2.6889031749878742,0.0
2021-01-08,40-49,2.2857142857142856,2.736195610068736,2.736195610068736,0.0
2021-01-09,40-49,2.2857142857142856,2.7881562080514577,2.7881562080514577,0.0
2021-01-10,40-49,2.142857142857143,2.845296920062501,2.845296920062501,0.0
2021-01-11,40-49,2.0,2.9078379037419255,2.9078379037419255,0.0
2021-01-12,40-49,2.0,2.975659113371507,2.975659113371507,0.0
2021-01-13,40-49,2.142857142857143,3.0483347272098493,3.0483347272098493,0.0
2021-01-14,40-49,2.0,3.1252198695373767,3.1252198695373767,0.0
2021-01-15,40-49,1.8571428571428572,3.205566875108833,3.205566875108833,0.0
2021-01-16,40-49,1.7142857142857142,3.2886351112825882,3.2886351112825882,0.0
2021-01-17,40-49,1.2857142857142858,3.373772140710634,3.3737720451664934,9.554414076319731e-08
2021-01-18,40-49,1.1428571428571428,3.4604356039161566,3.460434646147923,9.577682337643833e-07
2021-01-19,40-49,0.7142857142857143,3.5481715394383153,3.548166484456225,5.054982090789394e-06
2021-01-20,40-49,1.2857142857142858,3.6365624850537026,3.636543788915116,1.8696138586463843e-05
2021-01-21,40-49,1.7142857142857142,3.7251813784684527,3.7251268348912117,5.454357724097236e-05
2021-01-22,40-49,2.0,3.813568874656714,3.8134349306630755,0.00013394399363933
2021-01-23,40-49,2.142857142857143,3.9012526391042033,3.9009642909161952,0.0002883481880075542
2021-01-24,40-49,2.857142857142857,3.9877798554183217,3.987220581530477,0.0005592738878435567
2021-01-25,40-49,3.142857142857143,4.072743728737127,4.071747031098237,0.0009966976388856186
2021-01-26,40-49,3.5714285714285716,4.155804260436986,4.154148047037061,0.0016562133999242154
2021-01-27,40-49,2.857142857142857,4.236680720255861,4.2340852949252605,0.0025954253305976865
2021-01-28,40-49,2.2857142857142856,4.3151310363993,4.311260985374223,0.0038700510250748357
2021-01-29,40-49,2.142857142857143,4.390916070533006,4.385385738584519,0.005530331948488508
2021-01-30,40-49,2.142857142857143,4.463785125397802,4.456166767055391,0.007618358342404217
2021-01-31,40-49,2.0,4.533465539215017,4.523298827819318,0.010166711395703156
2021-02-01,40-49,1.8571428571428572,4.599688333992284,4.586489834243203,0.013198499749076517
2021-02-02,40-49,2.2857142857142856,4.662182867162146,4.645454324855985,0.016728542306168177
2021-02-03,40-49,2.857142857142857,4.720725985103099,4.699960769492674,0.0207652156104264
2021-02-04,40-49,3.0,4.775173332028406,4.749860745462308,0.02531258656609782
2021-02-05,40-49,3.142857142857143,4.82548284742901,4.795110252979857,0.030372594449143822
2021-02-06,40-49,3.0,4.871725389392757,4.8357785455829925,0.03594684380975807
2021-02-07,40-49,3.0,4.914076767066844,4.872039398506083,0.04203736856075967
2021-02-08,40-49,3.4285714285714284,4.952789367001456,4.904143311909279,0.04864605509217237
2021-02-09,40-49,2.7142857142857144,4.988151443182334,4.932378343120745,0.055773100061593216
2021-02-10,40-49,2.5714285714285716,5.020446516941465,4.957031232231119,0.06341528471036016
2021-02-11,40-49,2.7142857142857144,5.049925187968765,4.978360263192255,0.07156492477650829
2021-02-12,40-49,2.4285714285714284,5.0767949539864645,4.996585007593461,0.08020994639299774
2021-02-13,40-49,2.4285714285714284,5.101223524246869,5.011888844748376,0.08933467949848949
2021-02-14,40-49,2.857142857142857,5.123346384708218,5.024425714192826,0.09892067051539645
2021-02-15,40-49,2.5714285714285716,5.143275201743853,5.034327749693826,0.10894745205003449
2021-02-16,40-49,3.0,5.1611106403021445,5.041716800075425,0.11939384022671924
2021-02-17,40-49,3.2857142857142856,5.176965921400692,5.046724411085106,0.1302415103155836
2021-02-18,40-49,3.2857142857142856,5.1910085753224315,5.049523690276817,0.14148488504560572
2021-02-19,40-49,3.2857142857142856,5.203520632716451,5.050369518587695,0.15315111412875437
2021-02-20,40-49,3.2857142857142856,5.214958767438529,5.049630058080469,0.16532870935805166
2021-02-21,40-49,2.7142857142857144,5.225988486096626,5.047790690779652,0.1781977953169699
2021-02-22,40-49,2.4285714285714284,5.237474644910105,5.045421530231308,0.19205311467880182
2021-02-23,40-49,1.7142857142857142,5.25043195899246,5.043118654214455,0.20731330477801022
2021-02-24,40-49,1.4285714285714286,5.26595982536306,5.041442908630937,0.22451691673212942
2021-02-25,40-49,1.2857142857142858,5.285199068377397,5.0408851389529,0.24431392942448993
2021-02-26,40-49,1.4285714285714286,5.309331808474905,5.041871664787109,0.267460143687796
2021-02-27,40-49,1.4285714285714286,5.339602995237312,5.044793245862039,0.294809749375267
2021-02-28,40-49,1.7142857142857142,5.377318830497849,5.050025173884012,0.32729365661383203
2021-03-01,40-49,1.7142857142857142,5.423790785767547,5.05791415319002,0.36587663257753156
2021-03-02,40-49,2.5714285714285716,5.480232246668796,5.068733930236417,0.4114983164323821
2021-03-03,40-49,3.0,5.547648432347865,5.082633112629901,0.4650153197179605
2021-03-04,40-49,3.4285714285714284,5.626777994258032,5.099608365850039,0.5271696284079902
2021-03-05,40-49,3.2857142857142856,5.718124249563446,5.119524470776118,0.5985997787873278
2021-03-06,40-49,3.2857142857142856,5.822055684138746,5.142171376013558,0.6798843081251813
2021-03-07,40-49,2.857142857142857,5.938910777501864,5.16732557073802,0.771585206763843
2021-03-08,40-49,3.2857142857142856,6.069045569358088,5.194783640035868,0.8742619293222221
2021-03-09,40-49,3.0,6.212805939809062,5.224358158749255,0.9884477810598269
2021-03-10,40-49,2.4285714285714284,6.370458973362637,5.255850624247629,1.1146083491150098
2021-03-11,40-49,2.5714285714285716,6.5421520295172195,5.289031505530801,1.2531205239864174
2021-03-12,40-49,2.5714285714285716,6.7279473882952905,5.323649253925977,1.4042981343693137
2021-03-13,40-49,2.5714285714285716,6.927910466000366,5.359461889847436,1.5684485761529332
2021-03-14,40-49,3.0,7.142181552778564,5.396265344622065,1.7459162081565012
2021-03-15,40-49,2.4285714285714284,7.370977666349048,5.433896768491257,1.9370808978577856
2021-03-16,40-49,2.5714285714285716,7.614529048868486,5.472213280074842,2.142315768793642
2021-03-17,40-49,3.0,7.872997270921575,5.511062858473993,2.3619344124475763
2021-03-18,40-49,4.714285714285714,8.146432442643757,5.550268297842447,2.596164144801311
2021-03-19,40-49,4.857142857142857,8.434796527666782,5.589635763678342,2.845160763988451
2021-03-20,40-49,5.0,8.738020274221544,5.62897910751981,3.1090411667017435
2021-03-21,40-49,5.142857142857143,9.056031053958128,5.668139906203033,3.387891147755093
2021-03-22,40-49,5.571428571428571,9.388715934453794,5.706988581587255,3.6817273528665444
2021-03-23,40-49,5.0,9.735838280882945,5.7454086481527336,3.9904296327302107
2021-03-24,40-49,5.285714285714286,10.096954051034288,5.783275201795275,4.31367884923902
2021-03-25,40-49,2.857142857142857,10.47138284061092,5.8204424858400206,4.650940354770899
2021-03-26,40-49,3.0,10.85826287918355,5.8567499703067,5.00151290887686
2021-03-27,40-49,2.857142857142857,11.25665283647762,5.892039775072951,5.364613061404681
2021-03-28,40-49,3.142857142857143,11.665595358112666,5.926165974359561,5.739429383753116
2021-03-29,40-49,4.571428571428571,12.084080717069618,5.958981382823692,6.125099334245926
2021-03-30,40-49,4.714285714285714,12.51092985838171,5.990306775416466,6.520623082965255
2021-03-31,40-49,4.571428571428571,12.9447050180496,6.019906844094222,6.924798173955372
2021-04-01,40-49,5.714285714285714,13.383783772285296,6.047502525785811,7.336281246499501
2021-04-02,40-49,5.857142857142857,13.82663091845938,6.0728278265471465,7.753803091912193
2021-04-03,40-49,5.857142857142857,14.272135359937744,6.095702671012781,8.17643268892496
2021-04-04,40-49,6.0,14.719794507535694,6.116075450014433,8.603719057521273
2021-04-05,40-49,4.857142857142857,15.169603065345983,6.13400400830886,9.035599057037095
2021-04-06,40-49,5.857142857142857,15.621677756685173,6.149581572462757,9.472096184222432
2021-04-07,40-49,6.571428571428571,16.075799745001003,6.16284435938918,9.912955385611811
2021-04-08,40-49,6.285714285714286,16.53111193915465,6.173707998170617,10.357403940984023
2021-04-09,40-49,6.0,16.98612858800936,6.181964492569989,10.804164095439363
2021-04-10,40-49,6.285714285714286,17.439031047133163,6.18733612570717,11.251694921425969
2021-04-11,40-49,6.714285714285714,17.888065118008946,6.189552879922306,11.698512238086634
2021-04-12,40-49,7.0,18.331828933865488,6.188411715768245,12.143417218097238
2021-04-13,40-49,6.428571428571429,18.76933768581686,6.183793798540446,12.585543887276406
2021-04-14,40-49,5.428571428571429,19.19988143772239,6.175641518852447,13.024239918869952
2021-04-15,40-49,6.0,19.622792018104338,6.163917382548025,13.458874635556331
2021-04-16,40-49,6.285714285714286,20.037259988628723,6.148571839891956,13.88868814873679
2021-04-17,40-49,6.285714285714286,20.442277704095112,6.129533668324417,14.312744035770685
2021-04-18,40-49,6.571428571428571,20.836693328812398,6.106720440951236,14.729972887861175
2021-04-19,40-49,7.0,21.219310170148137,6.080057203546599,15.139252966601546
2021-04-20,40-49,7.285714285714286,21.588976799358385,6.0494933924617875,15.539483406896638
2021-04-21,40-49,7.857142857142857,21.944650146240082,6.015013813736758,15.929636332503348
2021-04-22,40-49,7.142857142857143,22.28546020009443,5.976646679398989,16.308813520695438
2021-04-23,40-49,7.0,22.610811784460413,5.934474036841347,16.67633774761909
2021-04-24,40-49,7.142857142857143,22.920503976128845,5.888642616674523,17.031861359454318
2021-04-25,40-49,6.714285714285714,23.2147810595196,5.839365605896036,17.375415453623557
2021-04-26,40-49,5.857142857142857,23.494221551349913,5.786904147800471,17.707317403549435
2021-04-27,40-49,6.142857142857143,23.75946362805904,5.731530038362691,18.02793358969641
2021-04-28,40-49,6.571428571428571,24.010872775414963,5.673482190411168,18.33739058500381
2021-04-29,40-49,6.857142857142857,24.248320663483547,5.6129372765297845,18.635383386953773
2021-04-30,40-49,6.857142857142857,24.47118842120321,5.550007391196581,18.921181030006622
2021-05-01,40-49,6.571428571428571,24.67857431098034,5.484762554971224,19.193811756009104
2021-05-02,40-49,6.285714285714286,24.869573606565094,5.417262115159276,19.452311491405837
2021-05-03,40-49,7.285714285714286,25.043490852810773,5.347579567698739,19.695911285111983
2021-05-04,40-49,7.142857142857143,25.199918197894814,5.275813122694006,19.924105075200806
2021-05-05,40-49,7.0,25.338708311332805,5.202083800044687,20.13662451128817
2021-05-06,40-49,6.714285714285714,25.45994933942277,5.126532806215405,20.33341653320738
2021-05-07,40-49,6.571428571428571,25.56402216657797,5.049325872683747,20.514696293894207
2021-05-08,40-49,6.571428571428571,25.65171577734187,4.970663267435117,20.681052509906753
2021-05-09,40-49,7.428571428571429,25.724301396863577,4.8907852845868325,20.833516112276747
2021-05-10,40-49,7.285714285714286,25.783500089531557,4.80996771678968,20.973532372741886
2021-05-11,40-49,7.0,25.831356330041586,4.7285074876954525,21.10284884234608
2021-05-12,40-49,6.857142857142857,25.870091808610418,4.646707598591199,21.223384210019198
2021-05-13,40-49,6.714285714285714,25.902025358914376,4.56486592915337,21.337159429760995
2021-05-14,40-49,6.714285714285714,25.929597336323727,4.483274496952081,21.446322839371675
2021-05-15,40-49,6.857142857142857,25.955427498741244,4.402222762502812,21.553204736238484
2021-01-01,50-59,1.8163265306122451,7.282627989250886,7.282627989250886,0.0
2021-01-02,50-59,1.6734693877551021,7.386646027029985,7.386646027029985,0.0
2021-01-03,50-59,3.0,7.4913022493302055,7.4913022493302055,0.0
2021-01-04,50-59,4.0,7.595690052541309,7.595690052541309,0.0
2021-01-05,50-59,4.428571428571429,7.701253749826458,7.701253749826458,0.0
2021-01-06,50-59,4.857142857142857,7.811101483813729,7.811101483813729,0.0
2021-01-07,50-59,7.0,7.929187505523114,7.929187505523114,0.0
2021-01-08,50-59,7.0,8.05926999603117,8.05926999603117,0.0
2021-01-09,50-59,7.0,8.20421268869263,8.20421268869263,0.0
2021-01-10,50-59,6.142857142857143,8.365667512796557,8.365667512796557,0.0
2021-01-11,50-59,6.0,8.544055566785529,8.544055566785529,0.0
2021-01-12,50-59,6.142857142857143,8.738713414765467,8.738713414765467,0.0
2021-01-13,50-59,6.142857142857143,8.948016205992223,8.948016205992223,0.0
2021-01-14,50-59,4.142857142857143,9.169947489806235,9.169947489806235,0.0
2021-01-15,50-59,4.285714285714286,9.40238609465914,9.40238609465914,0.0
2021-01-16,50-59,4.571428571428571,9.643446317715997,9.643446317715997,0.0
2021-01-17,50-59,5.142857142857143,9.891423736636943,9.891423736636943,0.0
2021-01-18,50-59,4.857142857142857,10.14476589177443,10.14476589177443,0.0
2021-01-19,50-59,5.428571428571429,10.401705209768036,10.401705209768036,0.0
2021-01-20,50-59,5.857142857142857,10.660261192494552,10.660261192494552,0.0
2021-01-21,50-59,7.142857142857143,10.918265414562487,10.918265414562487,0.0
2021-01-22,50-59,7.142857142857143,11.173702433990876,11.173702433990876,0.0
2021-01-23,50-59,7.285714285714286,11.424865994080287,11.424865994080287,0.0
2021-01-24,50-59,7.428571428571429,11.670638136063742,11.670638136063742,0.0
2021-01-25,50-59,8.0,11.910319036418842,11.910319036418842,0.0
2021-01-26,50-59,7.857142857142857,12.14314602078009,12.14314602078009,0.0
2021-01-27,50-59,7.571428571428571,12.368287587608892,12.368287587608892,0.0
2021-01-28,50-59,6.857142857142857,12.584503151279844,12.584503151279844,0.0
2021-01-29,50-59,6.857142857142857,12.790305502901676,12.790305502901676,0.0
2021-01-30,50-59,6.571428571428571,12.983964826853226,12.983964826853226,0.0
2021-01-31,50-59,7.142857142857143,13.164126477225063,13.164126477225063,0.0
2021-02-01,50-59,7.0,13.330580260622153,13.330580260622153,0.0
2021-02-02,50-59,7.0,13.482699320331585,13.482699320331585,0.0
2021-02-03,50-59,7.857142857142857,13.620196210219827,13.620196210219827,0.0
2021-02-04,50-59,8.571428571428571,13.74318967305443,13.74318967305443,0.0
2021-02-05,50-59,8.428571428571429,13.8522592405713,13.8522592405713,0.0
2021-02-06,50-59,8.571428571428571,13.94838083897522,13.94838083897522,0.0
2021-02-07,50-59,8.285714285714286,14.032730840101783,14.032730840101783,0.0
2021-02-08,50-59,7.571428571428571,14.106502984646468,14.106502984646468,0.0
2021-02-09,50-59,6.857142857142857,14.170754300334268,14.170754300334268,0.0
2021-02-10,50-59,6.0,14.226358085527298,14.226358085527298,0.0
2021-02-11,50-59,5.571428571428571,14.274047226133122,14.274047226133122,0.0
2021-02-12,50-59,6.0,14.3145947056986,14.3145947056986,0.0
2021-02-13,50-59,6.612244897959184,14.348804432254889,14.348804432254889,0.0
2021-02-14,50-59,6.612244897959184,14.377428854465572,14.377428854465572,0.0
2021-02-15,50-59,7.040816326530612,14.401114945108748,14.401114945108748,0.0
2021-02-16,50-59,7.183673469387755,14.420440547003857,14.420440547003857,0.0
2021-02-17,50-59,7.8979591836734695,14.43600618230777,14.435960470338669,4.571196910039025e-05
2021-02-18,50-59,7.755102040816326,14.44865788443448,14.448330704296849,0.00032718013763424547
2021-02-19,50-59,7.469387755102041,14.459931435350505,14.458621410703048,0.001310024647456437
2021-02-20,50-59,6.714285714285714,14.472106003329262,14.468291506813536,0.003814496515726062
2021-02-21,50-59,6.428571428571429,14.487943673387875,14.478920647152023,0.009023026235852393
2021-02-22,50-59,6.714285714285714,14.510512309402586,14.492054318807913,0.01845799059467572
2021-02-23,50-59,6.857142857142857,14.542893048305636,14.508982231856404,0.033910816449228325
2021-02-24,50-59,6.428571428571429,14.58798068938563,14.530627529889514,0.057353159496104915
2021-02-25,50-59,7.714285714285714,14.648532945101138,14.5576353414166,0.0908976036845388
2021-02-26,50-59,7.714285714285714,14.727464915383166,14.59064546690639,0.136819448476772
2021-02-27,50-59,7.714285714285714,14.82774614080379,14.63028394837449,0.19746219242929147
2021-02-28,50-59,7.571428571428571,14.951982681340931,14.67692310559784,0.27505957574309625
2021-03-01,50-59,7.0,15.102335797297682,14.730669323396896,0.371666473900787
2021-03-02,50-59,7.571428571428571,15.280458021204435,14.791335804322165,0.4891222168822692
2021-03-03,50-59,7.142857142857143,15.487420362403057,14.858418414317233,0.6290019480858242
2021-03-04,50-59,6.571428571428571,15.723912949108051,14.931239300307052,0.7926736488009988
2021-03-05,50-59,6.571428571428571,15.990744302732313,15.009235528521659,0.9815087742106461
2021-03-06,50-59,6.714285714285714,16.2889787274692,15.092044009055865,1.1969347184133288
2021-03-07,50-59,6.714285714285714,16.619632373230164,15.17934314061882,1.4402892326113463
2021-03-08,50-59,8.142857142857142,16.983514701753414,15.270782932389947,1.7127317693634634
2021-03-09,50-59,8.0,17.38106572062353,15.365876163157878,2.01518955746563
2021-03-10,50-59,9.571428571428571,17.81221043533613,15.463928407033885,2.3482820283022496
2021-03-11,50-59,9.0,18.276628856565434,15.564160135779531,2.7124687207859126
2021-03-12,50-59,9.0,18.774303301441634,15.665948402361266,3.108354899080405
2021-03-13,50-59,8.857142857142858,19.305605396412293,15.768864241307803,3.536741155104488
2021-03-14,50-59,9.285714285714286,19.870837550689398,15.872490675158998,3.998346875530423
2021-03-15,50-59,9.285714285714286,20.470027228751782,15.976350875909828,4.493676352841952
2021-03-16,50-59,8.714285714285714,21.10288816335642,16.079858573465657,5.023029589890751
2021-03-17,50-59,7.857142857142857,21.76886258414543,16.18236042281162,5.586502161333812
2021-03-18,50-59,10.285714285714286,22.467337974630748,16.283277507286716,6.184060467344021
2021-03-19,50-59,11.0,23.19813234210575,16.382319763546263,6.8158125785595285
2021-03-20,50-59,11.142857142857142,23.961385594128224,16.479475576087097,7.481910018041119
2021-03-21,50-59,13.0,24.75694491113581,16.574824420253066,8.182120490882754
2021-03-22,50-59,12.571428571428571,25.583884078713865,16.668387576978457,8.915496501735378
2021-03-23,50-59,13.285714285714286,26.440180673116952,16.759949575176755,9.680231097940192
2021-03-24,50-59,14.0,27.322608233794387,16.848995275509452,10.473612958284939
2021-03-25,50-59,11.714285714285714,28.226788891174014,16.934713543017907,11.29207534815614
2021-03-26,50-59,12.285714285714286,29.14795737895686,17.01618874156277,12.131768637394046
2021-03-27,50-59,12.857142857142858,30.08120328532873,17.092457353860507,12.98874593146822
2021-03-28,50-59,12.142857142857142,31.02124027582317,17.16244873880307,13.858791537020126
2021-03-29,50-59,12.285714285714286,31.962138727607563,17.224921320732367,14.73721740687522
2021-03-30,50-59,12.285714285714286,32.8971961870018,17.27839639202083,15.618799794980983
2021-03-31,50-59,12.571428571428571,33.81939627349441,17.321289860823093,16.498106412671355
2021-04-01,50-59,14.571428571428571,34.723257251787935,17.35244529982389,17.37081195196409
2021-04-02,50-59,13.714285714285714,35.606552049955575,17.371572681348653,18.23497936860693
2021-04-03,50-59,14.0,36.47021715917558,17.379226717846027,19.09099044132958
2021-04-04,50-59,15.714285714285714,37.31711161090893,17.376493197501084,19.940618413407826
2021-04-05,50-59,17.428571428571427,38.150247144877426,17.364534219491155,20.78571292538631
2021-04-06,50-59,18.285714285714285,38.971271311477324,17.344166120054275,21.627105191423016
2021-04-07,50-59,18.142857142857142,39.77968328585602,17.3156435216113,22.464039764244664
2021-04-08,50-59,16.857142857142858,40.57305086848789,17.278723304170185,23.294327564317754
2021-04-09,50-59,17.285714285714285,41.348170188419154,17.232921404889524,24.115248783529594
2021-04-10,50-59,16.714285714285715,42.10198042944688,17.177746364140262,24.924234065306575
2021-04-11,50-59,16.428571428571427,42.83193179823625,17.112871689053943,25.719060109182344
2021-04-12,50-59,15.0,43.53586833183926,17.03807128272011,26.497797049119157
2021-04-13,50-59,14.285714285714286,44.21163767740778,16.95311587598321,27.258521801424596
2021-04-14,50-59,15.0,44.85667184178625,16.85768641595319,27.998985425833116
2021-04-15,50-59,15.857142857142858,45.46754261763673,16.751316552679995,28.716226064956782
2021-04-16,50-59,15.571428571428571,46.040087457827795,16.633420992739087,29.406666465088723
2021-04-17,50-59,16.571428571428573,46.56973211074495,16.50339085423403,30.066341256510917
2021-04-18,50-59,16.428571428571427,47.05185225367497,16.36071281214688,30.691139441528005
2021-04-19,50-59,16.857142857142858,47.48220419548651,16.20510862222306,31.27709557326346
2021-04-20,50-59,17.571428571428573,47.857127737338175,16.036574865272353,31.820552872065825
2021-04-21,50-59,17.571428571428573,48.17372452281575,15.855411274393466,32.318313248422285
2021-04-22,50-59,16.714285714285715,48.42987991031194,15.662200659010054,32.76767925130191
2021-04-23,50-59,16.714285714285715,48.624528442852466,15.457812133965735,33.166716308886734
2021-04-24,50-59,15.857142857142858,48.757649908840214,15.24334583566213,33.51430407317809
2021-04-25,50-59,14.285714285714286,48.82998035938496,15.020018114443749,33.80996224494125
2021-04-26,50-59,14.428571428571429,48.842720846504456,14.789084601424697,34.05363624507976
2021-04-27,50-59,14.571428571428571,48.79697730140117,14.551675868400341,34.24530143300082
2021-04-28,50-59,14.571428571428571,48.693677674598995,14.30876843350808,34.38490924109089
2021-04-29,50-59,14.714285714285714,48.53371895427118,14.061203753787666,34.47251520048348
2021-04-30,50-59,14.857142857142858,48.31841059919085,13.809775377561749,34.50863522162917
2021-05-01,50-59,14.571428571428571,48.049581798444066,13.555247394998583,34.4943344034455
2021-05-02,50-59,14.857142857142858,47.72977895151465,13.298416092741107,34.43136285877356
2021-05-03,50-59,16.142857142857142,47.36224419308318,13.040113468588268,34.32213072449489
2021-05-04,50-59,15.142857142857142,46.95064031063842,12.7811564288014,34.16948388183698
2021-05-05,50-59,13.857142857142858,46.49903926387075,12.522369339309096,33.97666992456162
2021-05-06,50-59,14.142857142857142,46.01180197982018,12.264570121025711,33.74723185879445
2021-05-07,50-59,13.857142857142858,45.49382326832992,12.008641738003696,33.48518153032619
2021-05-08,50-59,14.428571428571429,44.95033737899338,11.75549972897444,33.19483765001901
2021-05-09,50-59,15.285714285714286,44.386449307581124,11.506001821347008,32.880447486234154
2021-05-10,50-59,14.142857142857142,43.80705700443859,11.260936312737051,32.54612069170158
2021-05-11,50-59,14.142857142857142,43.21667006866358,11.020983903619832,32.19568616504376
2021-05-12,50-59,15.857142857142858,42.61933365043162,10.78672405564393,31.83260959478776
2021-05-13,50-59,13.857142857142858,42.01879643995759,10.55866822875204,31.460128211205504
2021-05-14,50-59,13.142857142857142,41.418713330278685,10.337309515183403,31.081403815095236
2021-05-15,50-59,12.857142857142858,40.822590085006944,10.123111812506343,30.699478272500677
2021-01-01,60-69,11.979591836734695,8.728987401186238,8.728987401186238,0.0
2021-01-02,60-69,12.26530612244898,8.846775181875689,8.846775181875689,0.0
2021-01-03,60-69,12.122448979591837,8.96559918184059,8.96559918184059,0.0
2021-01-04,60-69,11.83673469387755,9.08317014720717,9.08317014720717,0.0
2021-01-05,60-69,11.26530612244898,9.199222264542616,9.199222264542616,0.0
2021-01-06,60-69,10.979591836734695,9.31563555144614,9.31563555144614,0.0
2021-01-07,60-69,10.26530612244898,9.435589526634814,9.435589526634814,0.0
2021-01-08,60-69,9.285714285714286,9.562766935735466,9.562766935735466,0.0
2021-01-09,60-69,8.857142857142858,9.700910809116463,9.700910809116463,0.0
2021-01-10,60-69,11.428571428571429,9.853389943993658,9.853389943993658,0.0
2021-01-11,60-69,12.0,10.022733823523104,10.022733823523104,0.0
2021-01-12,60-69,12.285714285714286,10.210012748130579,10.210012748130579,0.0
2021-01-13,60-69,12.571428571428571,10.415547208560652,10.415547208560652,0.0
2021-01-14,60-69,13.285714285714286,10.638645085200528,10.638645085200528,0.0
2021-01-15,60-69,13.285714285714286,10.878055343249578,10.878055343249578,0.0
2021-01-16,60-69,13.428571428571429,11.13178353853152,11.13178353853152,0.0
2021-01-17,60-69,14.428571428571429,11.397912045132502,11.397912045132502,0.0
2021-01-18,60-69,13.714285714285714,11.674232423898012,11.674232423898012,0.0
2021-01-19,60-69,13.714285714285714,11.958321166443008,11.958321166443008,0.0
2021-01-20,60-69,14.714285714285714,12.247713770643763,12.247713770643763,0.0
2021-01-21,60-69,15.714285714285714,12.539854420597024,12.539854420597024,0.0
2021-01-22,60-69,15.428571428571429,12.832182731403668,12.832182731403668,0.0
2021-01-23,60-69,17.224489795918366,13.12243759424571,13.12243759424571,0.0
2021-01-24,60-69,15.938775510204081,13.40903301404044,13.40903301404044,0.0
2021-01-25,60-69,16.93877551020408,13.690361698651406,13.690361698651406,0.0
2021-01-26,60-69,18.510204081632654,13.964901827656885,13.964901827656885,0.0
2021-01-27,60-69,17.081632653061224,14.231122622792258,14.231122622792258,0.0
2021-01-28,60-69,16.510204081632654,14.487487802135721,14.487487802135721,0.0
2021-01-29,60-69,16.93877551020408,14.73210044454287,14.73210044454287,0.0
2021-01-30,60-69,15.142857142857142,14.963813822439777,14.963813822439777,0.0
2021-01-31,60-69,14.428571428571429,15.182140034780613,15.182140034780613,0.0
2021-02-01,60-69,13.714285714285714,15.388698078594492,15.388698078594492,0.0
2021-02-02,60-69,13.857142857142858,15.583454189466815,15.583454189466815,0.0
2021-02-03,60-69,15.571428571428571,15.766594550387365,15.766594550387365,0.0
2021-02-04,60-69,15.571428571428571,15.938483674613376,15.938483674613376,0.0
2021-02-05,60-69,15.0,16.099561022844846,16.099561022844846,0.0
2021-02-06,60-69,16.63265306122449,16.25031151148405,16.25031151148405,0.0
2021-02-07,60-69,15.387755102040817,16.39128623333407,16.39128623333407,0.0
2021-02-08,60-69,15.959183673469388,16.52297623502069,16.52297623502069,0.0
2021-02-09,60-69,15.387755102040817,16.6458700269777,16.6458700269777,0.0
2021-02-10,60-69,15.244897959183675,16.76039977967237,16.76039977967237,0.0
2021-02-11,60-69,14.959183673469388,16.867023541993206,16.867023541993206,0.0
2021-02-12,60-69,15.244897959183675,16.96609713304107,16.96609713304107,0.0
2021-02-13,60-69,13.755102040816327,17.0579231078569,17.0579231078569,0.0
2021-02-14,60-69,14.857142857142858,17.1427359763109,17.1427359763109,0.0
2021-02-15,60-69,14.714285714285714,17.220765324353284,17.220765324353284,0.0
2021-02-16,60-69,14.428571428571429,17.29224592618289,17.29224592618289,0.0
2021-02-17,60-69,14.428571428571429,17.357470398902308,17.357449300352187,2.1098550118496296e-05
2021-02-18,60-69,14.714285714285714,17.41699269829424,17.41683198677524,0.00016071151900257696
2021-02-19,60-69,14.428571428571429,17.471717968568093,17.471055647467963,0.0006623211001319529
2021-02-20,60-69,14.428571428571429,17.522690550846285,17.52071232532606,0.0019782255202255143
2021-02-21,60-69,14.857142857142858,17.571360211130894,17.566529369874804,0.004830841256098077
2021-02-22,60-69,14.285714285714286,17.619456852364678,17.609206461528643,0.010250390836051244
2021-02-23,60-69,14.142857142857142,17.668948115463806,17.649366333769915,0.019581781693889702
2021-02-24,60-69,13.0,17.722061087377458,17.6875801297292,0.03448095764826399
2021-02-25,60-69,13.142857142857142,17.7813628177204,17.724447586625256,0.056915231095124946
2021-02-26,60-69,13.142857142857142,17.849684812516276,17.76057553535191,0.08910927716435327
2021-02-27,60-69,13.142857142857142,17.929811855241017,17.796379800591055,0.13343205464997202
2021-02-28,60-69,13.714285714285714,18.024408367965712,17.83213071350625,0.19227765445947856
2021-03-01,60-69,14.571428571428571,18.135721359130915,17.867766900959367,0.2679544581715576
2021-03-02,60-69,15.571428571428571,18.26534582216764,17.902764127884158,0.362581694283467
2021-03-03,60-69,15.857142857142858,18.414346781967584,17.936302781533715,0.47804400043385875
2021-03-04,60-69,16.285714285714285,18.583344189220078,17.967308471954098,0.6160357172659698
2021-03-05,60-69,16.714285714285715,18.772683901028177,17.994590790238664,0.7780931107895159
2021-03-06,60-69,16.857142857142858,18.982331553562982,18.016771184431352,0.9655603691316171
2021-03-07,60-69,16.428571428571427,19.21208685544211,18.032524864340097,1.179561991102026
2021-03-08,60-69,16.714285714285715,19.461472530460053,18.040475053549212,1.4209974769108413
2021-03-09,60-69,14.857142857142858,19.72974624548116,18.03920946401219,1.6905367814689543
2021-03-10,60-69,15.857142857142858,20.016093287077286,18.02742099066411,1.988672296413168
2021-03-11,60-69,14.857142857142858,20.319786380180517,18.003944623241942,2.315841756938576
2021-03-12,60-69,14.857142857142858,20.640297302679592,17.967798553271848,2.672498749407767
2021-03-13,60-69,14.714285714285714,20.97714882029273,17.918086714750295,3.05906210554243
2021-03-14,60-69,14.857142857142858,21.32997485616078,17.854139867640672,3.4758349885201003
2021-03-15,60-69,12.857142857142858,21.69828554314118,17.775330520668096,3.9229550224731016
2021-03-16,60-69,13.857142857142858,22.081395322351643,17.68103329770908,4.40036202464257
2021-03-17,60-69,14.428571428571429,22.478508541419572,17.570761610995522,4.9077469304240555
2021-03-18,60-69,22.428571428571427,22.888686570030877,17.44415647461528,5.44453009541561
2021-03-19,60-69,23.428571428571427,23.31080398631771,17.301074405573583,6.009729580744112
2021-03-20,60-69,23.571428571428573,23.743359137632762,17.141578531629296,6.601780606003476
2021-03-21,60-69,25.571428571428573,24.184567124507787,16.96617732832608,7.218389796181725
2021-03-22,60-69,28.0,24.63207519820788,16.77559817155036,7.856477026657508
2021-03-23,60-69,30.0,25.08299160129408,16.570765766915418,8.512225834378668
2021-03-24,60-69,30.714285714285715,25.534263227367653,16.352984824606388,9.181278402761283
2021-03-25,60-69,21.571428571428573,25.982764866571582,16.123759309466116,9.859005557105482
2021-03-26,60-69,21.285714285714285,26.42547693354784,15.884726165767832,10.540750767780011
2021-03-27,60-69,22.571428571428573,26.859626249569562,15.63766064498335,11.221965604586181
2021-03-28,60-69,22.857142857142858,27.282791375914737,15.384484266754031,11.898307109160719
2021-03-29,60-69,23.285714285714285,27.6925348114023,15.126977765599298,12.565557045803015
2021-03-30,60-69,22.714285714285715,28.086439120777133,14.86676028348347,13.219678837293694
2021-03-31,60-69,22.714285714285715,28.46243265889011,14.605371642703709,13.857061016186417
2021-04-01,60-69,25.0,28.81896413627873,14.344240906299586,14.474723229979144
2021-04-02,60-69,24.714285714285715,29.154976626358366,14.084654000217197,15.070322626141152
2021-04-03,60-69,23.571428571428573,29.46989719028672,13.827804485333969,15.642092704952702
2021-04-04,60-69,24.142857142857142,29.76352347452227,13.574814868729593,16.188708605792662
2021-04-05,60-69,25.428571428571427,30.035474588563186,13.326549951710819,16.708924636852352
2021-04-06,60-69,25.857142857142858,30.28491649529539,13.083558190215284,17.201358305080102
2021-04-07,60-69,25.0,30.510753150279864,12.846167344908523,17.66458580537136
2021-04-08,60-69,24.857142857142858,30.711720256236838,12.614475554095792,18.097244702141033
2021-04-09,60-69,24.571428571428573,30.886561259216652,12.38844532520794,18.4981159340087
2021-04-10,60-69,25.285714285714285,31.03435309278223,12.168028881919405,18.866324210862853
2021-04-11,60-69,23.285714285714285,31.15478595081436,11.95335712131994,19.201428829494418
2021-04-12,60-69,22.428571428571427,31.247678812098002,11.744447054911081,19.503231757186924
2021-04-13,60-69,21.571428571428573,31.312769310000174,11.541161751182653,19.771607558817585
2021-04-14,60-69,21.857142857142858,31.34971319803679,11.34321750000217,20.006495698034605
2021-04-15,60-69,23.142857142857142,31.35801675287308,11.150179750382403,20.207837002490763
2021-04-16,60-69,24.428571428571427,31.337000922063254,10.961465309326494,20.375535612736797
2021-04-17,60-69,24.142857142857142,31.28579994712269,10.776402252354771,20.509397694767927
2021-04-18,60-69,23.857142857142858,31.203784144177348,10.594322208900703,20.609461935276677
2021-04-19,60-69,23.714285714285715,31.09047517905212,10.414570675894888,20.67590450315722
2021-04-20,60-69,23.714285714285715,30.94571255883361,10.236556039246198,20.70915651958734
2021-04-21,60-69,23.0,30.769885786021806,10.059813768840748,20.710072017181048
2021-04-22,60-69,22.142857142857142,30.564053895896897,9.884017313835031,20.680036582061845
2021-04-23,60-69,21.0,30.329907542315773,9.708988293732714,20.620919248583064
2021-04-24,60-69,19.857142857142858,30.069500189497518,9.534635171625114,20.534865017872434
2021-04-25,60-69,18.081632653061224,29.785552048997012,9.361019458550665,20.42453259044629
2021-04-26,60-69,16.79591836734694,29.48077819374822,9.188205675240209,20.292572518508024
2021-04-27,60-69,16.224489795918366,29.157801583432057,9.016258245133015,20.14154333829907
2021-04-28,60-69,16.510204081632654,28.819100164541993,8.8452350332085,19.973865131333547
2021-04-29,60-69,15.795918367346939,28.46697478028376,8.67518334838494,19.791791431898766
2021-04-30,60-69,16.653061224489797,28.103495442607336,8.506136665329237,19.597358777278107
2021-05-01,60-69,16.79591836734694,27.730693224503046,8.338156984166275,19.392536240336774
2021-05-02,60-69,17.714285714285715,27.350606342629877,8.171341852412654,19.179264490217243
2021-05-03,60-69,18.285714285714285,26.96492727336261,8.005738404431197,18.959188868931392
2021-05-04,60-69,18.571428571428573,26.575233792350403,7.841414830391555,18.733818961958846
2021-05-05,60-69,18.285714285714285,26.18284777466917,7.678420385962194,18.504427388706958
2021-05-06,60-69,18.142857142857142,25.789065316603086,7.516835029916594,18.272230286686458
2021-05-07,60-69,17.142857142857142,25.39512438215359,7.356755710998447,18.038368671155133
2021-05-08,60-69,17.142857142857142,25.002174205917914,7.198294140999103,17.803880064918783
2021-05-09,60-69,18.571428571428573,24.61148559818332,7.041595252518592,17.569890345664728
2021-05-10,60-69,19.0,24.22432935651316,6.886806923959817,17.337522432553357
2021-05-11,60-69,18.857142857142858,23.841974185650056,6.734039870687079,17.107934314962986
2021-05-12,60-69,19.857142857142858,23.465810954954446,6.583492131381046,16.882318823573442
2021-05-13,60-69,18.0,23.097351800590186,6.435382340167291,16.66196946042294
2021-05-14,60-69,19.285714285714285,22.73825977156694,6.289961434409859,16.448298337157087
2021-05-15,60-69,19.714285714285715,22.39000732788137,6.147432305642001,16.24257502223944
2021-01-01,<=39,1.9591836734693877,2.132067046575415,2.132067046575415,0.0
2021-01-02,<=39,1.7142857142857142,2.163451252213163,2.163451252213163,0.0
2021-01-03,<=39,1.1428571428571428,2.1965852606862044,2.1965852606862044,0.0
2021-01-04,<=39,1.2857142857142858,2.2310274139055792,2.2310274139055792,0.0
2021-01-05,<=39,1.1428571428571428,2.266412823102301,2.266412823102301,0.0
2021-01-06,<=39,1.0,2.3026279817378223,2.3026279817378223,0.0
2021-01-07,<=39,1.0,2.3398538645660696,2.3398538645660696,0.0
2021-01-08,<=39,1.0,2.3785000686129907,2.3785000686129907,0.0
2021-01-09,<=39,1.0,2.4190858465318947,2.4190858465318947,0.0
2021-01-10,<=39,1.1428571428571428,2.4621158609229576,2.4621158609229576,0.0
2021-01-11,<=39,0.8775510204081632,2.5079829083373,2.5079829083373,0.0
2021-01-12,<=39,0.8979591836734694,2.55691317959158,2.55691317959158,0.0
2021-01-13,<=39,0.7755102040816327,2.6089505661499968,2.6089505661499968,0.0
2021-01-14,<=39,0.7755102040816327,2.663979468476282,2.663979468476282,0.0
2021-01-15,<=39,0.7755102040816327,2.7217723279379915,2.7217723279379915,0.0
2021-01-16,<=39,0.7755102040816327,2.782046886406166,2.782046886406166,0.0
2021-01-17,<=39,0.7755102040816327,2.8445094961248882,2.8445084834953533,1.0126295349272368e-06
2021-01-18,<=39,0.8979591836734695,2.9088720206426357,2.9088641225014915,7.898141143729306e-06
2021-01-19,<=39,1.5918367346938775,2.9748450368760717,2.9748111457114,3.389116467144556e-05
2021-01-20,<=39,1.8571428571428572,3.042128871836157,3.042023223573147,0.00010564826301004225
2021-01-21,<=39,1.7142857142857142,3.1104006357319705,3.110133836106103,0.0002667996258667445
2021-01-22,<=39,1.8571428571428572,3.179314359405413,3.1787348142983607,0.0005795451070520489
2021-01-23,<=39,1.8571428571428572,3.2485141478851993,3.247390021593796,0.0011241262914025271
2021-01-24,<=39,2.142857142857143,3.317651806122526,3.315655967390093,0.001995838732431486
2021-01-25,<=39,2.142857142857143,3.3863929541793527,3.3830931739064165,0.003299780272937225
2021-01-26,<=39,1.5102040816326532,3.4544127520544663,3.4492682438279867,0.005144508226480278
2021-01-27,<=39,1.306122448979592,3.521390293384006,3.51375462605601,0.007635667327996143
2021-01-28,<=39,1.489795918367347,3.5869951192090648,3.5761254983132114,0.010869620895854437
2021-01-29,<=39,1.63265306122449,3.650883127421721,3.6359543292940333,0.014928798127688245
2021-01-30,<=39,1.63265306122449,3.712704538708651,3.6928248110993382,0.019879727609310255
2021-01-31,<=39,1.3469387755102045,3.772124381468961,3.7463514674218166,0.025772914047143804
2021-02-01,<=39,1.63265306122449,3.82884650933909,3.7962022110515483,0.03264429828754199
2021-02-02,<=39,1.5510204081632655,3.8826286313532212,3.842110901029402,0.040517730323819064
2021-02-03,<=39,1.755102040816327,3.9332991985468495,3.883891436931278,0.04940776161557184
2021-02-04,<=39,1.8571428571428572,3.9807675269439056,3.9214453099338984,0.059322217010004875
2021-02-05,<=39,1.5714285714285714,4.025033238585613,3.954767320243173,0.07026591834243898
2021-02-06,<=39,1.5714285714285714,4.066190070841621,3.9839460319713713,0.0822440388702495
2021-02-07,<=39,1.7142857142857142,4.104412316421475,4.0091497672241845,0.09526254919729152
2021-02-08,<=39,1.7142857142857142,4.139930874340501,4.030604242684123,0.10932663165637904
2021-02-09,<=39,2.0,4.17300751950787,4.04856843114055,0.12443908836731776
2021-02-10,<=39,2.142857142857143,4.203915389938895,4.063315961684722,0.14059942825417254
2021-02-11,<=39,2.142857142857143,4.232922467472322,4.075119621746738,0.15780284572558345
2021-02-12,<=39,2.142857142857143,4.260285617678253,4.084244837919794,0.1760407797584574
2021-02-13,<=39,2.142857142857143,4.286244360856885,4.090943237968017,0.19530112288886903
2021-02-14,<=39,2.2857142857142856,4.31100712688234,4.095441401546764,0.21556572533557045
2021-02-15,<=39,1.8571428571428572,4.3347413521174465,4.0979327868582205,0.23680856525922966
2021-02-16,<=39,1.4285714285714286,4.357578547154952,4.098581162614083,0.2589973845408727
2021-02-17,<=39,1.0000000000000002,4.379634879052388,4.097533030642089,0.28210184841029295
2021-02-18,<=39,0.816326530612245,4.401058121122101,4.094943382120969,0.30611473900112957
2021-02-19,<=39,0.9591836734693879,4.422109534545604,4.09101953959455,0.3310899949510553
2021-02-20,<=39,1.1836734693877553,4.443233878363032,4.086053437499107,0.35718044086392575
2021-02-21,<=39,0.979591836734694,4.465074403863938,4.08041782711183,0.38465657675211007
2021-02-22,<=39,1.0612244897959184,4.488444530929651,4.074537918830668,0.4139066120989828
2021-02-23,<=39,1.306122448979592,4.5142665350225,4.068846273055578,0.4454202619669076
2021-02-24,<=39,1.3877551020408165,4.5435012115817655,4.0637384744076135,0.47976273717415574
2021-02-25,<=39,1.4285714285714288,4.577105574539474,4.059549685309197,0.5175558892302705
2021-02-26,<=39,1.5714285714285714,4.616042584650117,4.056562973566919,0.559479611083193
2021-02-27,<=39,1.6122448979591835,4.6612936110570145,4.055023115247907,0.6062704958091047
2021-02-28,<=39,2.2448979591836737,4.713827633162572,4.0551321384488626,0.6586954947137071
2021-03-01,<=39,2.1632653061224487,4.774551620695862,4.057036302566502,0.7175153181293643
2021-03-02,<=39,2.3469387755102042,4.8442607852905635,4.060810516109132,0.7834502691814272
2021-03-03,<=39,2.693877551020408,4.923597917763234,4.06644726283978,0.8571506549234554
2021-03-04,<=39,2.693877551020408,5.013053905359319,4.073863039017675,0.9391908663416493
2021-03-05,<=39,2.5510204081632653,5.11303881526048,4.082931899933945,1.0301069153265445
2021-03-06,<=39,2.7142857142857144,5.223968258871631,4.093523604732983,1.1304446541386441
2021-03-07,<=39,2.857142857142857,5.346293668432373,4.105520493441754,1.2407731749906152
2021-03-08,<=39,3.2857142857142856,5.480471449994535,4.118811720898457,1.3616597290960804
2021-03-09,<=39,3.142857142857143,5.626895248521441,4.133271700285165,1.4936235482362759
2021-03-10,<=39,3.0,5.7858222811568805,4.148736823048352,1.6370854581085341
2021-03-11,<=39,3.2857142857142856,5.957354713942096,4.164999409592124,1.7923553043499774
2021-03-12,<=39,3.142857142857143,6.141506939517238,4.181826900761315,1.9596800387559257
2021-03-13,<=39,2.7142857142857144,6.338294639513787,4.198988280253685,2.139306359260111
2021-03-14,<=39,1.8571428571428572,6.547759489998173,4.216264805313952,2.3314946846842175
2021-03-15,<=39,1.8571428571428572,6.769936699043981,4.233445511727091,2.5364911873168885
2021-03-16,<=39,1.8571428571428572,7.004805736771593,4.250314867182447,2.754490869589146
2021-03-17,<=39,2.142857142857143,7.252252545501135,4.266648050105799,2.985604495395345
2021-03-18,<=39,2.5714285714285716,7.512048132773979,4.282218696717418,3.22982943605656
2021-03-19,<=39,2.5714285714285716,7.783867833878218,4.296821632956469,3.4870462009217444
2021-03-20,<=39,2.7142857142857144,8.067307518359309,4.310296763435005,3.757010754924314
2021-03-21,<=39,3.4285714285714284,8.361850014332251,4.322539702228076,4.039310312104167
2021-03-22,<=39,2.857142857142857,8.66681669564807,4.333501694115745,4.333315001532328
2021-03-23,<=39,2.816326530612245,8.981346501428021,4.343183269817381,4.638163231610634
2021-03-24,<=39,2.3877551020408165,9.30441277122949,4.3516286232945,4.952784147934978
2021-03-25,<=39,1.6734693877551021,9.634868105039892,4.358920252944267,5.275947852095628
2021-03-26,<=39,1.8163265306122451,9.97156332931024,4.365185420936883,5.606377908373349
2021-03-27,<=39,2.2448979591836737,10.313458622208554,4.370600160308755,5.942858461899804
2021-03-28,<=39,2.673469387755102,10.659632829111649,4.375374726784748,6.2842581023269
2021-03-29,<=39,3.102040816326531,11.009170711117603,4.379716246439016,6.629454464678606
2021-03-30,<=39,3.142857142857143,11.360992036278462,4.383781245838616,6.977210790439852
2021-03-31,<=39,3.2857142857142856,11.713738029653587,4.387643339439672,7.326094690213894
2021-04-01,<=39,3.7142857142857144,12.065874583855509,4.391309034520501,7.674565549335006
2021-04-02,<=39,3.7142857142857144,12.416000802888917,4.3947766177533785,8.021224185135532
2021-04-03,<=39,3.142857142857143,12.763133067214042,4.39809399192943,8.365039075284606
2021-04-04,<=39,2.4285714285714284,13.106792622746477,4.401380560133009,8.705412062613462
2021-04-05,<=39,2.5714285714285716,13.446861490337715,4.404801575663294,9.042059914674407
2021-04-06,<=39,3.0,13.78330670046424,4.408514194527257,9.374792505936995
2021-04-07,<=39,3.142857142857143,14.115905919561206,4.4126123436979166,9.703293575863288
2021-04-08,<=39,3.0,14.444092829374405,4.417095371847914,10.026997457526518
2021-04-09,<=39,2.857142857142857,14.767006813052399,4.421876475549273,10.345130337503129
2021-04-10,<=39,2.857142857142857,15.083674429979249,4.426821422952153,10.656853007027088
2021-04-11,<=39,3.0,15.393185839651856,4.431796660161295,10.961389179490562
2021-04-12,<=39,2.5714285714285716,15.694765957827999,4.436686261591616,11.258079696236399
2021-04-13,<=39,2.857142857142857,15.987744217127746,4.441382339727334,11.546361877400415
2021-04-14,<=39,2.7142857142857144,16.271470222675912,4.445765142397605,11.825705080278318
2021-04-15,<=39,2.5714285714285716,16.545238642051412,4.449688446734761,12.095550195316642
2021-04-16,<=39,2.7142857142857144,16.80830157047785,4.452985182515454,12.355316387962398
2021-04-17,<=39,3.2857142857142856,17.05994579380323,4.4554865882146535,12.604459205588567
2021-04-18,<=39,3.4285714285714284,17.299562652376473,4.457037610743214,12.842525041633278
2021-04-19,<=39,3.7142857142857144,17.526674323381428,4.457501071426418,13.06917325195502
2021-04-20,<=39,3.142857142857143,17.74091627058786,4.456751335008242,13.284164935579618
2021-04-21,<=39,3.142857142857143,17.94200504287821,4.454665116271615,13.48733992660658
2021-04-22,<=39,3.7142857142857144,18.129737834978446,4.451119700757213,13.678618134221232
2021-04-23,<=39,3.857142857142857,18.30407665052138,4.446008506521198,13.858068144000182
2021-04-24,<=39,3.5714285714285716,18.465251191674497,4.439261958256545,14.02598923341796
2021-04-25,<=39,3.5714285714285716,18.613785345317662,4.430855772560068,14.182929572757562
2021-04-26,<=39,3.7142857142857144,18.750396489194042,4.420797610494656,14.329598878699388
2021-04-27,<=39,3.857142857142857,18.875797351077775,4.409096248222311,14.466701102855456
2021-04-28,<=39,4.0,18.99051011181952,4.395732963882944,14.594777147936597
2021-04-29,<=39,3.857142857142857,19.094785013645083,4.380650157027617,14.714134856617509
2021-04-30,<=39,3.7142857142857144,19.188679156914205,4.3637667537861455,14.824912403128053
2021-05-01,<=39,3.857142857142857,19.272198320013665,4.34500355820589,14.927194761807776
2021-05-02,<=39,3.2857142857142856,19.345415080737602,4.324304411379492,15.02111066935811
2021-05-03,<=39,3.2857142857142856,19.408521524572016,4.301645539221129,15.106875985350893
2021-05-04,<=39,3.142857142857143,19.461822434294618,4.277034362454173,15.184788071840433
2021-05-05,<=39,3.2857142857142856,19.50570837360841,4.250504863530283,15.255203510078122
2021-05-06,<=39,3.5714285714285716,19.54065877117676,4.222116525865362,15.318542245311411
2021-05-07,<=39,3.5714285714285716,19.567337295859442,4.191967102872514,15.375370192986907
2021-05-08,<=39,3.7142857142857144,19.5866794802508,4.160203674813163,15.42647580543763
2021-05-09,<=39,4.142857142857143,19.59986688315689,4.127016790567574,15.47285009258928
2021-05-10,<=39,4.142857142857143,19.608251752238754,4.092627116410729,15.51562463582804
2021-05-11,<=39,4.142857142857143,19.613289291570833,4.057272583900276,15.55601670767056
2021-05-12,<=39,4.571428571428571,19.61648471638681,4.021198371090735,15.595286345296062
2021-05-13,<=39,3.7142857142857144,19.61939718046307,3.984655151490568,15.634742028972507
2021-05-14,<=39,3.7142857142857144,19.623714281910058,3.94790724506753,15.675807036842501
2021-05-15,<=39,3.4285714285714284,19.631288379518814,3.911236054727643,15.720052324791158
2021-01-01,>=70,37.714285714285715,7.738480405960128,7.738480405960128,0.0
2021-01-02,>=70,37.0,7.799337410099103,7.799337410099103,0.0
2021-01-03,>=70,36.714285714285715,7.860881201787927,7.860881201787927,0.0
2021-01-04,>=70,37.714285714285715,7.921501179614841,7.921501179614841,0.0
2021-01-05,>=70,38.0,7.981394318893739,7.981394318893739,0.0
2021-01-06,>=70,36.42857142857143,8.043185595782063,8.043185595782063,0.0
2021-01-07,>=70,35.57142857142857,8.111802102487484,8.111802102487484,0.0
2021-01-08,>=70,36.285714285714285,8.193142655533412,8.193142655533412,0.0
2021-01-09,>=70,36.57142857142857,8.292516563450599,8.292516563450599,0.0
2021-01-10,>=70,37.285714285714285,8.41406182191007,8.41406182191007,0.0
2021-01-11,>=70,38.714285714285715,8.559758476092604,8.559758476092604,0.0
2021-01-12,>=70,38.142857142857146,8.729479032217137,8.729479032217137,0.0
2021-01-13,>=70,43.285714285714285,8.921117119450303,8.921117119450303,0.0
2021-01-14,>=70,44.0,9.13132870609902,9.13132870609902,0.0
2021-01-15,>=70,43.714285714285715,9.356049998658348,9.356049998658348,0.0
2021-01-16,>=70,42.857142857142854,9.590842789585608,9.590842789585608,0.0
2021-01-17,>=70,45.57142857142857,9.831599852094543,9.831599852094543,0.0
2021-01-18,>=70,46.285714285714285,10.074681487558179,10.074681487558179,0.0
2021-01-19,>=70,47.857142857142854,10.317282180266444,10.317282180266444,0.0
2021-01-20,>=70,50.285714285714285,10.557263950717449,10.557263950717449,0.0
2021-01-21,>=70,50.57142857142857,10.793489182926209,10.793489182926209,0.0
2021-01-22,>=70,50.142857142857146,11.025480941075031,11.025480941075031,0.0
2021-01-23,>=70,50.142857142857146,11.25326024691416,11.25326024691416,0.0
2021-01-24,>=70,53.142857142857146,11.477094105057214,11.477094105057214,0.0
2021-01-25,>=70,50.42857142857143,11.697340664232975,11.697340664232975,0.0
2021-01-26,>=70,50.142857142857146,11.91423558929224,11.91423558929224,0.0
2021-01-27,>=70,47.857142857142854,12.128201256153668,12.128201256153668,0.0
2021-01-28,>=70,49.0,12.33984712480111,12.33984712480111,0.0
2021-01-29,>=70,49.42857142857143,12.549571048193656,12.549571048193656,0.0
2021-01-30,>=70,55.48979591836735,12.757470073830934,12.757470073830934,0.0
2021-01-31,>=70,48.04081632653061,12.963177313246435,12.963177313246435,0.0
2021-02-01,>=70,49.61224489795918,13.166609767014748,13.166609767014748,0.0
2021-02-02,>=70,50.46938775510204,13.366420683084923,13.366420683084923,0.0
2021-02-03,>=70,49.89795918367347,13.561000778131701,13.561000778131701,0.0
2021-02-04,>=70,49.183673469387756,13.748775217011062,13.748775217011062,0.0
2021-02-05,>=70,48.89795918367347,13.92840022416936,13.92840022416936,0.0
2021-02-06,>=70,42.97959183673469,14.098879951035432,14.098879951035432,0.0
2021-02-07,>=70,48.142857142857146,14.25957094941674,14.25957094941674,0.0
2021-02-08,>=70,50.142857142857146,14.410124714333028,14.410124714333028,0.0
2021-02-09,>=70,48.857142857142854,14.55043058538647,14.55043058538647,0.0
2021-02-10,>=70,45.57142857142857,14.680580674205387,14.680580674205387,0.0
2021-02-11,>=70,46.285714285714285,14.800850791382258,14.800850791382258,0.0
2021-02-12,>=70,46.57142857142857,14.911648003662512,14.911648003662512,0.0
2021-02-13,>=70,47.285714285714285,15.013462435363387,15.013462435363387,0.0
2021-02-14,>=70,47.42857142857143,15.106823800322841,15.106823800322841,0.0
2021-02-15,>=70,46.57142857142857,15.192286065191706,15.192286065191706,0.0
2021-02-16,>=70,46.57142857142857,15.270403286006085,15.270403286006085,0.0
2021-02-17,>=70,50.0,15.341701868620179,15.34170070861635,1.1600038281502495e-06
2021-02-18,>=70,50.57142857142857,15.406644067632874,15.406632660150409,1.1407482464708024e-05
2021-02-19,>=70,51.0,15.465540457021822,15.46548150245313,5.895456869075153e-05
2021-02-20,>=70,55.95918367346939,15.518512610208283,15.518299132575835,0.0002134776324480021
2021-02-21,>=70,56.244897959183675,15.56555981978213,15.564949556750964,0.0006102630311672075
2021-02-22,>=70,56.53061224489796,15.60672836459898,15.60525657512781,0.0014717894711693653
2021-02-23,>=70,57.244897959183675,15.642407081570031,15.63928592849771,0.0031211530723238637
2021-02-24,>=70,55.244897959183675,15.673572342533504,15.6675921100211,0.005980232512400878
2021-02-25,>=70,53.673469387755105,15.701880594024326,15.691331182639061,0.010549411385262466
2021-02-26,>=70,52.673469387755105,15.729488778809023,15.712114759190325,0.017374019618702365
2021-02-27,>=70,47.857142857142854,15.75875340602227,15.731746407794322,0.02700699822795214
2021-02-28,>=70,49.57142857142857,15.791885514958972,15.751912061453295,0.039973453505678255
2021-03-01,>=70,49.42857142857143,15.830628825650436,15.773889874177899,0.056738951472552146
2021-03-02,>=70,53.285714285714285,15.87602301784156,15.798340710786682,0.07768230705487238
2021-03-03,>=70,57.0,15.928258670468383,15.825185712047315,0.10307295842105865
2021-03-04,>=70,58.42857142857143,15.986670612706444,15.853613039731925,0.13305757297451626
2021-03-05,>=70,57.857142857142854,16.049857387315914,15.882191686125449,0.16766570119047375
2021-03-06,>=70,57.57142857142857,16.115988182929897,15.90914899691388,0.20683918601602128
2021-03-07,>=70,50.6530612244898,16.183193705448176,15.93271814404103,0.25047556140713606
2021-03-08,>=70,49.51020408163265,16.24987778046762,15.951408637842649,0.2984691426249692
2021-03-09,>=70,47.6530612244898,16.314917520013207,15.964179553275631,0.3507379667375886
2021-03-10,>=70,45.6530612244898,16.377692582272616,15.97046207521422,0.407230507058363
2021-03-11,>=70,44.224489795918366,16.437982814667794,15.970070368166597,0.46791244650121294
2021-03-12,>=70,45.51020408163265,16.495757959321562,15.963015852475667,0.5327421068459152
2021-03-13,>=70,44.93877551020408,16.55100678295561,15.949359144526898,0.6016476384287209
2021-03-14,>=70,47.57142857142857,16.603634572635887,15.929116982284588,0.6745175903512669
2021-03-15,>=70,45.0,16.65347115672444,15.902258195890735,0.7512129608336942
2021-03-16,>=70,40.57142857142857,16.700368586250274,15.86876948543746,0.8315991008128499
2021-03-17,>=70,40.42857142857143,16.74432996478816,15.828751142176419,0.9155788226117599
2021-03-18,>=70,42.95918367346939,16.785567918420185,15.782465168544755,1.0031027498754213
2021-03-19,>=70,42.816326530612244,16.824427366234158,15.730278478057233,1.0941488881768977
2021-03-20,>=70,43.673469387755105,16.86130536173619,15.672620958752377,1.1886844029838222
2021-03-21,>=70,49.10204081632653,16.896567800764313,15.609944042261324,1.2866237585029594
2021-03-22,>=70,51.38775510204082,16.930449051216186,15.542659438285716,1.3877896129304725
2021-03-23,>=70,54.673469387755105,16.962953530130807,15.471073827706768,1.4918797024240502
2021-03-24,>=70,56.10204081632653,16.99375545391745,15.395312472022793,1.598442981894668
2021-03-25,>=70,48.857142857142854,17.022145201783754,15.315277009047795,1.7068681927359588
2021-03-26,>=70,51.142857142857146,17.046973325385206,15.230584600776556,1.81638872460864
2021-03-27,>=70,53.857142857142854,17.06669134139808,15.14058366818292,1.9261076732151607
2021-03-28,>=70,52.142857142857146,17.07946554704741,15.044421738879922,2.0350438081674733
2021-03-29,>=70,55.0,17.083363834822144,14.941163187103516,2.1422006477185853
2021-03-30,>=70,55.57142857142857,17.076605377885876,14.829948609509636,2.24665676837628
2021-03-31,>=70,57.142857142857146,17.057816446444708,14.710161942537075,2.3476545039076053
2021-04-01,>=70,66.14285714285714,17.026192206240744,14.581539521135877,2.4446526851048387
2021-04-02,>=70,64.0,16.98148277735787,14.444160709948349,2.537322067409506
2021-04-03,>=70,60.857142857142854,16.923864010360955,14.298367880114116,2.625496130246826
2021-04-04,>=70,64.14285714285714,16.853782499845288,14.144664567283286,2.709117932562021
2021-04-05,>=70,66.14285714285714,16.77186615050262,13.983640829643779,2.788225320858845
2021-04-06,>=70,67.28571428571429,16.678989791722383,13.816007849955405,2.8629819417669324
2021-04-07,>=70,64.71428571428571,16.576381261240222,13.642667618008879,2.9337136432313504
2021-04-08,>=70,61.285714285714285,16.46561061375223,13.464713957355931,3.0008966563962587
2021-04-09,>=70,62.285714285714285,16.348381501428875,13.28330717683357,3.0650743245953147
2021-04-10,>=70,67.55102040816327,16.226224755409458,13.099494417920535,3.1267303374889
2021-04-11,>=70,57.40816326530612,16.10031047826673,12.914131996624969,3.1861784816417607
2021-04-12,>=70,52.97959183673469,15.971310641977507,12.727781082271864,3.2435295597056224
2021-04-13,>=70,50.40816326530612,15.839486900833712,12.540728887958212,3.298758012875492
2021-04-14,>=70,50.55102040816326,15.704923093702766,12.35309280845813,3.35183028524459
2021-04-15,>=70,50.69387755102041,15.567781325166237,12.164961413163912,3.4028199120022964
2021-04-16,>=70,49.97959183673469,15.4284285637111,11.97648026271249,3.451948300998559
2021-04-17,>=70,46.285714285714285,15.287425655704096,11.787886265268185,3.499539390435866
2021-04-18,>=70,45.87755102040817,15.14535520898686,11.599453879818718,3.5459013291681583
2021-04-19,>=70,44.44897959183674,15.002473004879128,11.411320445468457,3.591152559410663
2021-04-20,>=70,44.44897959183674,14.858362382769602,11.22332730553346,3.6350350772361497
2021-04-21,>=70,43.16326530612245,14.711668920956548,11.03487905170409,3.676789869252464
2021-04-22,>=70,42.0204081632653,14.56015618389967,10.844971354619835,3.7151848292798406
2021-04-23,>=70,42.0204081632653,14.401138634062338,10.65239840277858,3.7487402312837648
2021-04-24,>=70,40.877551020408156,14.232232762587754,10.456128903263057,3.7761038593246905
2021-04-25,>=70,46.857142857142854,14.052138024382977,10.255698705227845,3.7964393191551355
2021-04-26,>=70,49.142857142857146,13.861120076768293,10.051436729521935,3.809683347246351
2021-04-27,>=70,48.142857142857146,13.661090013954436,9.844497674208588,3.8165923397458483
2021-04-28,>=70,49.142857142857146,13.455242129585791,9.6366599620094,3.8185821675763734
2021-04-29,>=70,49.857142857142854,13.247443840916349,9.430013579895913,3.8174302610204363
2021-04-30,>=70,49.142857142857146,13.041520936373306,9.22658266399959,3.8149382723737326
2021-05-01,>=70,49.142857142857146,12.840700068804777,9.028049734421327,3.812650334383457
2021-05-02,>=70,47.142857142857146,12.647264891940754,8.835586257766279,3.8116786341744726
2021-05-03,>=70,46.857142857142854,12.462451295269824,8.64980908854357,3.812642206726263
2021-05-04,>=70,46.42857142857143,12.28652135575606,8.47082652804068,3.815694827715384
2021-05-05,>=70,45.285714285714285,12.118951808493682,8.298343650416415,3.820608158077277
2021-05-06,>=70,45.42857142857143,11.958652924312988,8.131768318418183,3.826884605894809
2021-05-07,>=70,45.857142857142854,11.804236011605093,7.970349299720406,3.8338867118846975
2021-05-08,>=70,50.285714285714285,11.654309235445469,7.813337989188542,3.8409712462569274
2021-05-09,>=70,51.857142857142854,11.50771925079771,7.660110859337663,3.847608391460061
2021-05-10,>=70,51.857142857142854,11.363737406537531,7.5102654607237875,3.853471945813749
2021-05-11,>=70,53.57142857142857,11.22211364016114,7.363624513141283,3.8584891270198405
2021-05-12,>=70,55.42857142857143,11.083154671643562,7.2203178422594005,3.8628368293841517
2021-05-13,>=70,50.0,10.947540251811699,7.080659564466648,3.866880687345047
2021-05-14,>=70,50.285714285714285,10.816122910755864,6.94504327017802,3.871079640577845
2021-05-15,>=70,46.714285714285715,10.689740005319004,6.813845457870155,3.8758945474488393
