Region;Sexo;edad;Personas
1;1;0;3047
1;1;1;2993
1;1;2;2912
1;1;3;2860
1;1;4;2883
1;1;5;3092
1;1;6;3159
1;1;7;3145
1;1;8;3112
1;1;9;3121
1;1;10;3142
1;1;11;3082
1;1;12;3017
1;1;13;2859
1;1;14;2755
1;1;15;2672
1;1;16;2709
1;1;17;2726
1;1;18;2705
1;1;19;2755
1;1;20;2872
1;1;21;2992
1;1;22;3132
1;1;23;3269
1;1;24;3418
1;1;25;3567
1;1;26;3707
1;1;27;3823
1;1;28;3883
1;1;29;3921
1;1;30;3936
1;1;31;3863
1;1;32;3778
1;1;33;3600
1;1;34;3439
1;1;35;3304
1;1;36;3190
1;1;37;3159
1;1;38;3155
1;1;39;3119
1;1;40;3016
1;1;41;2907
1;1;42;2814
1;1;43;2760
1;1;44;2694
1;1;45;2626
1;1;46;2551
1;1;47;2482
1;1;48;2389
1;1;49;2307
1;1;50;2232
1;1;51;2140
1;1;52;2034
1;1;53;1964
1;1;54;1952
1;1;55;1947
1;1;56;1933
1;1;57;1924
1;1;58;1884
1;1;59;1802
1;1;60;1697
1;1;61;1594
1;1;62;1544
1;1;63;1516
1;1;64;1485
1;1;65;1442
1;1;66;1397
1;1;67;1300
1;1;68;1182
1;1;69;1067
1;1;70;959
1;1;71;863
1;1;72;779
1;1;73;712
1;1;74;640
1;1;75;570
1;1;76;523
1;1;77;462
1;1;78;414
1;1;79;376
1;1;80;336
1;1;81;307
1;1;82;280
1;1;83;249
1;1;84;220
1;1;85;188
1;1;86;161
1;1;87;144
1;1;88;125
1;1;89;108
1;1;90;95
1;1;91;79
1;1;92;65
1;1;93;50
1;1;94;36
1;1;95;26
1;1;96;19
1;1;97;14
1;1;98;8
1;1;99;6
1;1;100;8
1;2;0;2924
1;2;1;2866
1;2;2;2784
1;2;3;2741
1;2;4;2765
1;2;5;2967
1;2;6;3036
1;2;7;3024
1;2;8;3004
1;2;9;3019
1;2;10;3039
1;2;11;2987
1;2;12;2925
1;2;13;2773
1;2;14;2670
1;2;15;2579
1;2;16;2592
1;2;17;2587
1;2;18;2540
1;2;19;2579
1;2;20;2689
1;2;21;2819
1;2;22;2985
1;2;23;3150
1;2;24;3320
1;2;25;3502
1;2;26;3638
1;2;27;3735
1;2;28;3758
1;2;29;3762
1;2;30;3747
1;2;31;3661
1;2;32;3570
1;2;33;3402
1;2;34;3267
1;2;35;3170
1;2;36;3084
1;2;37;3065
1;2;38;3059
1;2;39;3011
1;2;40;2891
1;2;41;2760
1;2;42;2641
1;2;43;2589
1;2;44;2544
1;2;45;2501
1;2;46;2441
1;2;47;2395
1;2;48;2321
1;2;49;2262
1;2;50;2193
1;2;51;2126
1;2;52;2027
1;2;53;1964
1;2;54;1951
1;2;55;1931
1;2;56;1925
1;2;57;1915
1;2;58;1884
1;2;59;1817
1;2;60;1730
1;2;61;1636
1;2;62;1579
1;2;63;1556
1;2;64;1533
1;2;65;1490
1;2;66;1446
1;2;67;1365
1;2;68;1259
1;2;69;1161
1;2;70;1067
1;2;71;958
1;2;72;880
1;2;73;818
1;2;74;757
1;2;75;694
1;2;76;640
1;2;77;581
1;2;78;529
1;2;79;484
1;2;80;445
1;2;81;412
1;2;82;381
1;2;83;346
1;2;84;313
1;2;85;274
1;2;86;243
1;2;87;221
1;2;88;205
1;2;89;183
1;2;90;169
1;2;91;147
1;2;92;120
1;2;93;97
1;2;94;77
1;2;95;61
1;2;96;46
1;2;97;33
1;2;98;24
1;2;99;14
1;2;100;41
2;1;0;5063
2;1;1;4960
2;1;2;4779
2;1;3;4625
2;1;4;4640
2;1;5;5065
2;1;6;5263
2;1;7;5133
2;1;8;5136
2;1;9;5084
2;1;10;5175
2;1;11;5233
2;1;12;5221
2;1;13;5111
2;1;14;4957
2;1;15;4753
2;1;16;4752
2;1;17;4810
2;1;18;4938
2;1;19;5091
2;1;20;5289
2;1;21;5523
2;1;22;5795
2;1;23;6060
2;1;24;6350
2;1;25;6606
2;1;26;6821
2;1;27;6973
2;1;28;6993
2;1;29;7033
2;1;30;6992
2;1;31;6891
2;1;32;6701
2;1;33;6464
2;1;34;6210
2;1;35;5982
2;1;36;5865
2;1;37;5799
2;1;38;5707
2;1;39;5617
2;1;40;5475
2;1;41;5351
2;1;42;5268
2;1;43;5206
2;1;44;5177
2;1;45;5144
2;1;46;5086
2;1;47;4985
2;1;48;4753
2;1;49;4554
2;1;50;4371
2;1;51;4152
2;1;52;3968
2;1;53;3811
2;1;54;3713
2;1;55;3666
2;1;56;3645
2;1;57;3601
2;1;58;3535
2;1;59;3404
2;1;60;3237
2;1;61;3042
2;1;62;2881
2;1;63;2764
2;1;64;2681
2;1;65;2576
2;1;66;2446
2;1;67;2284
2;1;68;2119
2;1;69;1925
2;1;70;1720
2;1;71;1467
2;1;72;1258
2;1;73;1144
2;1;74;1021
2;1;75;887
2;1;76;783
2;1;77;704
2;1;78;619
2;1;79;554
2;1;80;507
2;1;81;457
2;1;82;402
2;1;83;352
2;1;84;302
2;1;85;261
2;1;86;225
2;1;87;199
2;1;88;177
2;1;89;157
2;1;90;140
2;1;91;118
2;1;92;96
2;1;93;74
2;1;94;53
2;1;95;38
2;1;96;23
2;1;97;14
2;1;98;10
2;1;99;6
2;1;100;9
2;2;0;4863
2;2;1;4735
2;2;2;4540
2;2;3;4406
2;2;4;4408
2;2;5;4801
2;2;6;4985
2;2;7;4846
2;2;8;4853
2;2;9;4810
2;2;10;4897
2;2;11;4954
2;2;12;4957
2;2;13;4842
2;2;14;4672
2;2;15;4451
2;2;16;4435
2;2;17;4494
2;2;18;4632
2;2;19;4827
2;2;20;5060
2;2;21;5344
2;2;22;5658
2;2;23;5960
2;2;24;6255
2;2;25;6496
2;2;26;6674
2;2;27;6799
2;2;28;6816
2;2;29;6857
2;2;30;6819
2;2;31;6712
2;2;32;6507
2;2;33;6256
2;2;34;6015
2;2;35;5786
2;2;36;5672
2;2;37;5600
2;2;38;5506
2;2;39;5405
2;2;40;5278
2;2;41;5173
2;2;42;5101
2;2;43;5053
2;2;44;5041
2;2;45;5008
2;2;46;4940
2;2;47;4824
2;2;48;4590
2;2;49;4377
2;2;50;4197
2;2;51;3988
2;2;52;3808
2;2;53;3666
2;2;54;3574
2;2;55;3553
2;2;56;3563
2;2;57;3561
2;2;58;3533
2;2;59;3424
2;2;60;3267
2;2;61;3076
2;2;62;2922
2;2;63;2816
2;2;64;2745
2;2;65;2648
2;2;66;2540
2;2;67;2391
2;2;68;2262
2;2;69;2112
2;2;70;1950
2;2;71;1681
2;2;72;1502
2;2;73;1414
2;2;74;1299
2;2;75;1179
2;2;76;1086
2;2;77;1000
2;2;78;926
2;2;79;859
2;2;80;808
2;2;81;751
2;2;82;694
2;2;83;635
2;2;84;575
2;2;85;520
2;2;86;472
2;2;87;428
2;2;88;390
2;2;89;354
2;2;90;315
2;2;91;275
2;2;92;232
2;2;93;187
2;2;94;148
2;2;95;111
2;2;96;82
2;2;97;58
2;2;98;42
2;2;99;28
2;2;100;52
3;1;0;2098
3;1;1;2104
3;1;2;2104
3;1;3;2118
3;1;4;2206
3;1;5;2393
3;1;6;2455
3;1;7;2532
3;1;8;2501
3;1;9;2599
3;1;10;2685
3;1;11;2655
3;1;12;2572
3;1;13;2459
3;1;14;2379
3;1;15;2241
3;1;16;2118
3;1;17;2045
3;1;18;2032
3;1;19;2106
3;1;20;2137
3;1;21;2133
3;1;22;2154
3;1;23;2186
3;1;24;2259
3;1;25;2360
3;1;26;2453
3;1;27;2551
3;1;28;2641
3;1;29;2717
3;1;30;2797
3;1;31;2782
3;1;32;2786
3;1;33;2734
3;1;34;2590
3;1;35;2482
3;1;36;2398
3;1;37;2332
3;1;38;2325
3;1;39;2317
3;1;40;2276
3;1;41;2213
3;1;42;2168
3;1;43;2139
3;1;44;2127
3;1;45;2116
3;1;46;2080
3;1;47;2042
3;1;48;1998
3;1;49;1964
3;1;50;1961
3;1;51;1969
3;1;52;1976
3;1;53;1970
3;1;54;1942
3;1;55;1918
3;1;56;1894
3;1;57;1883
3;1;58;1848
3;1;59;1808
3;1;60;1718
3;1;61;1648
3;1;62;1585
3;1;63;1532
3;1;64;1488
3;1;65;1435
3;1;66;1363
3;1;67;1281
3;1;68;1192
3;1;69;1101
3;1;70;1001
3;1;71;884
3;1;72;805
3;1;73;753
3;1;74;694
3;1;75;629
3;1;76;573
3;1;77;524
3;1;78;479
3;1;79;441
3;1;80;409
3;1;81;375
3;1;82;332
3;1;83;298
3;1;84;260
3;1;85;223
3;1;86;187
3;1;87;164
3;1;88;145
3;1;89;125
3;1;90;106
3;1;91;87
3;1;92;67
3;1;93;51
3;1;94;38
3;1;95;27
3;1;96;18
3;1;97;11
3;1;98;6
3;1;99;5
3;1;100;9
3;2;0;2019
3;2;1;2024
3;2;2;2021
3;2;3;2036
3;2;4;2120
3;2;5;2307
3;2;6;2368
3;2;7;2442
3;2;8;2411
3;2;9;2510
3;2;10;2588
3;2;11;2554
3;2;12;2470
3;2;13;2350
3;2;14;2266
3;2;15;2120
3;2;16;1977
3;2;17;1881
3;2;18;1857
3;2;19;1910
3;2;20;1961
3;2;21;1974
3;2;22;2011
3;2;23;2072
3;2;24;2161
3;2;25;2277
3;2;26;2370
3;2;27;2472
3;2;28;2567
3;2;29;2630
3;2;30;2695
3;2;31;2674
3;2;32;2659
3;2;33;2597
3;2;34;2460
3;2;35;2362
3;2;36;2285
3;2;37;2221
3;2;38;2206
3;2;39;2181
3;2;40;2118
3;2;41;2055
3;2;42;1995
3;2;43;1964
3;2;44;1953
3;2;45;1945
3;2;46;1912
3;2;47;1887
3;2;48;1859
3;2;49;1850
3;2;50;1856
3;2;51;1883
3;2;52;1906
3;2;53;1914
3;2;54;1904
3;2;55;1903
3;2;56;1897
3;2;57;1895
3;2;58;1868
3;2;59;1835
3;2;60;1752
3;2;61;1680
3;2;62;1628
3;2;63;1571
3;2;64;1525
3;2;65;1468
3;2;66;1408
3;2;67;1338
3;2;68;1265
3;2;69;1186
3;2;70;1097
3;2;71;964
3;2;72;895
3;2;73;858
3;2;74;810
3;2;75;755
3;2;76;701
3;2;77;648
3;2;78;605
3;2;79;568
3;2;80;537
3;2;81;507
3;2;82;470
3;2;83;439
3;2;84;397
3;2;85;350
3;2;86;309
3;2;87;276
3;2;88;246
3;2;89;222
3;2;90;193
3;2;91;165
3;2;92;139
3;2;93;109
3;2;94;82
3;2;95;61
3;2;96;45
3;2;97;32
3;2;98;21
3;2;99;17
3;2;100;36
4;1;0;5057
4;1;1;5062
4;1;2;5078
4;1;3;5149
4;1;4;5368
4;1;5;5848
4;1;6;6269
4;1;7;6275
4;1;8;6271
4;1;9;6387
4;1;10;6347
4;1;11;6287
4;1;12;6172
4;1;13;5884
4;1;14;5620
4;1;15;5671
4;1;16;5590
4;1;17;5571
4;1;18;5571
4;1;19;5795
4;1;20;5868
4;1;21;5918
4;1;22;5965
4;1;23;6042
4;1;24;6189
4;1;25;6307
4;1;26;6407
4;1;27;6536
4;1;28;6646
4;1;29;6770
4;1;30;6851
4;1;31;6793
4;1;32;6636
4;1;33;6344
4;1;34;6080
4;1;35;5887
4;1;36;5768
4;1;37;5669
4;1;38;5706
4;1;39;5720
4;1;40;5707
4;1;41;5640
4;1;42;5612
4;1;43;5517
4;1;44;5434
4;1;45;5455
4;1;46;5513
4;1;47;5481
4;1;48;5328
4;1;49;5207
4;1;50;5166
4;1;51;5243
4;1;52;5232
4;1;53;5229
4;1;54;5179
4;1;55;5102
4;1;56;4990
4;1;57;4878
4;1;58;4716
4;1;59;4514
4;1;60;4341
4;1;61;4265
4;1;62;4220
4;1;63;4060
4;1;64;3995
4;1;65;3877
4;1;66;3722
4;1;67;3546
4;1;68;3326
4;1;69;3069
4;1;70;2876
4;1;71;2712
4;1;72;2567
4;1;73;2362
4;1;74;2181
4;1;75;2009
4;1;76;1897
4;1;77;1778
4;1;78;1666
4;1;79;1529
4;1;80;1415
4;1;81;1283
4;1;82;1178
4;1;83;1051
4;1;84;938
4;1;85;827
4;1;86;726
4;1;87;637
4;1;88;551
4;1;89;474
4;1;90;400
4;1;91;329
4;1;92;265
4;1;93;204
4;1;94;157
4;1;95;120
4;1;96;88
4;1;97;64
4;1;98;45
4;1;99;29
4;1;100;65
4;2;0;4871
4;2;1;4876
4;2;2;4888
4;2;3;4960
4;2;4;5168
4;2;5;5640
4;2;6;6058
4;2;7;6073
4;2;8;6071
4;2;9;6190
4;2;10;6158
4;2;11;6106
4;2;12;6002
4;2;13;5717
4;2;14;5450
4;2;15;5487
4;2;16;5404
4;2;17;5399
4;2;18;5428
4;2;19;5691
4;2;20;5758
4;2;21;5798
4;2;22;5841
4;2;23;5935
4;2;24;6065
4;2;25;6188
4;2;26;6296
4;2;27;6438
4;2;28;6576
4;2;29;6724
4;2;30;6844
4;2;31;6831
4;2;32;6736
4;2;33;6505
4;2;34;6316
4;2;35;6154
4;2;36;6037
4;2;37;5928
4;2;38;5943
4;2;39;5944
4;2;40;5934
4;2;41;5872
4;2;42;5853
4;2;43;5765
4;2;44;5715
4;2;45;5740
4;2;46;5816
4;2;47;5783
4;2;48;5620
4;2;49;5482
4;2;50;5429
4;2;51;5519
4;2;52;5534
4;2;53;5559
4;2;54;5525
4;2;55;5466
4;2;56;5351
4;2;57;5230
4;2;58;5061
4;2;59;4884
4;2;60;4722
4;2;61;4637
4;2;62;4579
4;2;63;4396
4;2;64;4326
4;2;65;4226
4;2;66;4095
4;2;67;3939
4;2;68;3741
4;2;69;3505
4;2;70;3318
4;2;71;3141
4;2;72;3017
4;2;73;2811
4;2;74;2641
4;2;75;2479
4;2;76;2382
4;2;77;2267
4;2;78;2156
4;2;79;2011
4;2;80;1892
4;2;81;1741
4;2;82;1629
4;2;83;1492
4;2;84;1367
4;2;85;1236
4;2;86;1111
4;2;87;998
4;2;88;891
4;2;89;790
4;2;90;693
4;2;91;586
4;2;92;496
4;2;93;398
4;2;94;323
4;2;95;258
4;2;96;202
4;2;97;150
4;2;98;113
4;2;99;86
4;2;100;245
5;1;0;10970
5;1;1;10969
5;1;2;10994
5;1;3;11147
5;1;4;11641
5;1;5;12523
5;1;6;12936
5;1;7;12710
5;1;8;12681
5;1;9;12978
5;1;10;12874
5;1;11;13061
5;1;12;12985
5;1;13;12710
5;1;14;12409
5;1;15;12376
5;1;16;12521
5;1;17;12764
5;1;18;13205
5;1;19;13740
5;1;20;14256
5;1;21;14659
5;1;22;15010
5;1;23;15280
5;1;24;15597
5;1;25;15743
5;1;26;15827
5;1;27;15865
5;1;28;15750
5;1;29;15800
5;1;30;15810
5;1;31;15425
5;1;32;15068
5;1;33;14394
5;1;34;13937
5;1;35;13707
5;1;36;13868
5;1;37;14025
5;1;38;13974
5;1;39;13760
5;1;40;13364
5;1;41;12879
5;1;42;12561
5;1;43;12361
5;1;44;12560
5;1;45;12441
5;1;46;12340
5;1;47;12130
5;1;48;11816
5;1;49;11504
5;1;50;11487
5;1;51;11610
5;1;52;11711
5;1;53;11870
5;1;54;11956
5;1;55;11969
5;1;56;11884
5;1;57;11777
5;1;58;11584
5;1;59;11384
5;1;60;11113
5;1;61;10888
5;1;62;10642
5;1;63;10350
5;1;64;10008
5;1;65;9664
5;1;66;9280
5;1;67;8896
5;1;68;8515
5;1;69;8053
5;1;70;7606
5;1;71;7102
5;1;72;6623
5;1;73;6217
5;1;74;5855
5;1;75;5490
5;1;76;5110
5;1;77;4717
5;1;78;4322
5;1;79;3937
5;1;80;3553
5;1;81;3186
5;1;82;2863
5;1;83;2551
5;1;84;2269
5;1;85;1994
5;1;86;1744
5;1;87;1531
5;1;88;1340
5;1;89;1168
5;1;90;1005
5;1;91;844
5;1;92;681
5;1;93;522
5;1;94;385
5;1;95;275
5;1;96;196
5;1;97;134
5;1;98;87
5;1;99;56
5;1;100;99
5;2;0;10532
5;2;1;10519
5;2;2;10538
5;2;3;10673
5;2;4;11137
5;2;5;11992
5;2;6;12407
5;2;7;12198
5;2;8;12188
5;2;9;12496
5;2;10;12421
5;2;11;12613
5;2;12;12536
5;2;13;12277
5;2;14;11988
5;2;15;11951
5;2;16;12092
5;2;17;12344
5;2;18;12791
5;2;19;13226
5;2;20;13579
5;2;21;13806
5;2;22;14040
5;2;23;14277
5;2;24;14667
5;2;25;14848
5;2;26;14990
5;2;27;15100
5;2;28;15074
5;2;29;15337
5;2;30;15446
5;2;31;15177
5;2;32;14911
5;2;33;14320
5;2;34;13678
5;2;35;13500
5;2;36;13687
5;2;37;13822
5;2;38;13798
5;2;39;13668
5;2;40;13426
5;2;41;13112
5;2;42;12908
5;2;43;12848
5;2;44;12939
5;2;45;12871
5;2;46;12799
5;2;47;12560
5;2;48;12252
5;2;49;12044
5;2;50;12090
5;2;51;12278
5;2;52;12443
5;2;53;12672
5;2;54;12926
5;2;55;13016
5;2;56;13006
5;2;57;12969
5;2;58;12853
5;2;59;12713
5;2;60;12470
5;2;61;12274
5;2;62;12038
5;2;63;11757
5;2;64;11326
5;2;65;11002
5;2;66;10634
5;2;67;10283
5;2;68;9913
5;2;69;9454
5;2;70;8992
5;2;71;8439
5;2;72;7966
5;2;73;7606
5;2;74;7292
5;2;75;6994
5;2;76;6669
5;2;77;6307
5;2;78;5925
5;2;79;5548
5;2;80;5135
5;2;81;4754
5;2;82;4404
5;2;83;4081
5;2;84;3778
5;2;85;3457
5;2;86;3154
5;2;87;2894
5;2;88;2638
5;2;89;2383
5;2;90;2133
5;2;91;1868
5;2;92;1569
5;2;93;1260
5;2;94;970
5;2;95;745
5;2;96;558
5;2;97;408
5;2;98;294
5;2;99;207
5;2;100;417
6;1;0;5752
6;1;1;5805
6;1;2;5880
6;1;3;6012
6;1;4;6326
6;1;5;6735
6;1;6;6765
6;1;7;6713
6;1;8;6827
6;1;9;6966
6;1;10;7097
6;1;11;7222
6;1;12;7203
6;1;13;7096
6;1;14;6800
6;1;15;6654
6;1;16;6641
6;1;17;6441
6;1;18;6010
6;1;19;5820
6;1;20;5711
6;1;21;5804
6;1;22;6018
6;1;23;6227
6;1;24;6447
6;1;25;6660
6;1;26;6935
6;1;27;7199
6;1;28;7443
6;1;29;7770
6;1;30;8083
6;1;31;8007
6;1;32;8010
6;1;33;7629
6;1;34;7214
6;1;35;6914
6;1;36;6916
6;1;37;7102
6;1;38;7318
6;1;39;7383
6;1;40;7326
6;1;41;7222
6;1;42;7156
6;1;43;7192
6;1;44;7290
6;1;45;7380
6;1;46;7221
6;1;47;6944
6;1;48;6692
6;1;49;6627
6;1;50;6671
6;1;51;6781
6;1;52;6856
6;1;53;6873
6;1;54;6798
6;1;55;6700
6;1;56;6606
6;1;57;6471
6;1;58;6395
6;1;59;6216
6;1;60;6001
6;1;61;5803
6;1;62;5638
6;1;63;5470
6;1;64;5216
6;1;65;4983
6;1;66;4770
6;1;67;4569
6;1;68;4346
6;1;69;4102
6;1;70;3840
6;1;71;3577
6;1;72;3324
6;1;73;3101
6;1;74;2878
6;1;75;2653
6;1;76;2438
6;1;77;2235
6;1;78;2045
6;1;79;1876
6;1;80;1716
6;1;81;1557
6;1;82;1398
6;1;83;1243
6;1;84;1092
6;1;85;960
6;1;86;839
6;1;87;730
6;1;88;627
6;1;89;541
6;1;90;453
6;1;91;381
6;1;92;310
6;1;93;242
6;1;94;184
6;1;95;135
6;1;96;95
6;1;97;68
6;1;98;44
6;1;99;28
6;1;100;48
6;2;0;5534
6;2;1;5582
6;2;2;5651
6;2;3;5767
6;2;4;6058
6;2;5;6456
6;2;6;6489
6;2;7;6446
6;2;8;6557
6;2;9;6688
6;2;10;6805
6;2;11;6912
6;2;12;6882
6;2;13;6785
6;2;14;6505
6;2;15;6364
6;2;16;6333
6;2;17;6143
6;2;18;5729
6;2;19;5575
6;2;20;5425
6;2;21;5484
6;2;22;5690
6;2;23;5893
6;2;24;6091
6;2;25;6311
6;2;26;6594
6;2;27;6876
6;2;28;7151
6;2;29;7520
6;2;30;7910
6;2;31;7908
6;2;32;7957
6;2;33;7614
6;2;34;7236
6;2;35;6927
6;2;36;6867
6;2;37;6956
6;2;38;7084
6;2;39;7108
6;2;40;7070
6;2;41;6995
6;2;42;6965
6;2;43;7037
6;2;44;7160
6;2;45;7242
6;2;46;7072
6;2;47;6926
6;2;48;6641
6;2;49;6552
6;2;50;6545
6;2;51;6654
6;2;52;6747
6;2;53;6769
6;2;54;6752
6;2;55;6706
6;2;56;6606
6;2;57;6526
6;2;58;6412
6;2;59;6225
6;2;60;6045
6;2;61;5879
6;2;62;5756
6;2;63;5621
6;2;64;5406
6;2;65;5227
6;2;66;5060
6;2;67;4896
6;2;68;4687
6;2;69;4438
6;2;70;4181
6;2;71;3897
6;2;72;3634
6;2;73;3418
6;2;74;3197
6;2;75;2988
6;2;76;2788
6;2;77;2595
6;2;78;2417
6;2;79;2263
6;2;80;2121
6;2;81;1972
6;2;82;1823
6;2;83;1675
6;2;84;1527
6;2;85;1385
6;2;86;1255
6;2;87;1133
6;2;88;1013
6;2;89;896
6;2;90;773
6;2;91;670
6;2;92;557
6;2;93;452
6;2;94;358
6;2;95;275
6;2;96;203
6;2;97;147
6;2;98;106
6;2;99;74
6;2;100;158
7;1;0;6689
7;1;1;6735
7;1;2;6812
7;1;3;6952
7;1;4;7326
7;1;5;7715
7;1;6;7886
7;1;7;7689
7;1;8;7679
7;1;9;7644
7;1;10;7967
7;1;11;8048
7;1;12;8052
7;1;13;7878
7;1;14;7674
7;1;15;7505
7;1;16;7430
7;1;17;7429
7;1;18;7304
7;1;19;7471
7;1;20;7516
7;1;21;7459
7;1;22;7455
7;1;23;7380
7;1;24;7474
7;1;25;7669
7;1;26;7918
7;1;27;8146
7;1;28;8255
7;1;29;8533
7;1;30;8804
7;1;31;8605
7;1;32;8509
7;1;33;8036
7;1;34;7696
7;1;35;7456
7;1;36;7410
7;1;37;7481
7;1;38;7758
7;1;39;7750
7;1;40;7706
7;1;41;7630
7;1;42;7601
7;1;43;7685
7;1;44;7957
7;1;45;7947
7;1;46;7813
7;1;47;7600
7;1;48;7265
7;1;49;7132
7;1;50;7120
7;1;51;7262
7;1;52;7426
7;1;53;7569
7;1;54;7565
7;1;55;7514
7;1;56;7436
7;1;57;7310
7;1;58;7166
7;1;59;6945
7;1;60;6693
7;1;61;6455
7;1;62;6271
7;1;63;6017
7;1;64;5878
7;1;65;5729
7;1;66;5606
7;1;67;5358
7;1;68;5085
7;1;69;4819
7;1;70;4560
7;1;71;4078
7;1;72;3794
7;1;73;3544
7;1;74;3343
7;1;75;3061
7;1;76;2805
7;1;77;2571
7;1;78;2351
7;1;79;2126
7;1;80;1953
7;1;81;1784
7;1;82;1598
7;1;83;1401
7;1;84;1206
7;1;85;1049
7;1;86;906
7;1;87;787
7;1;88;686
7;1;89;594
7;1;90;502
7;1;91;422
7;1;92;340
7;1;93;265
7;1;94;198
7;1;95;144
7;1;96;102
7;1;97;70
7;1;98;46
7;1;99;31
7;1;100;50
7;2;0;6456
7;2;1;6509
7;2;2;6585
7;2;3;6712
7;2;4;7057
7;2;5;7422
7;2;6;7586
7;2;7;7397
7;2;8;7393
7;2;9;7359
7;2;10;7665
7;2;11;7734
7;2;12;7719
7;2;13;7532
7;2;14;7319
7;2;15;7153
7;2;16;7111
7;2;17;7142
7;2;18;7095
7;2;19;7360
7;2;20;7469
7;2;21;7463
7;2;22;7485
7;2;23;7444
7;2;24;7542
7;2;25;7760
7;2;26;8032
7;2;27;8279
7;2;28;8405
7;2;29;8705
7;2;30;8990
7;2;31;8849
7;2;32;8833
7;2;33;8404
7;2;34;8098
7;2;35;7817
7;2;36;7748
7;2;37;7756
7;2;38;7969
7;2;39;8073
7;2;40;7978
7;2;41;7887
7;2;42;7877
7;2;43;7994
7;2;44;8205
7;2;45;8205
7;2;46;8071
7;2;47;7855
7;2;48;7528
7;2;49;7402
7;2;50;7412
7;2;51;7586
7;2;52;7766
7;2;53;7908
7;2;54;7863
7;2;55;7784
7;2;56;7695
7;2;57;7551
7;2;58;7405
7;2;59;7193
7;2;60;6956
7;2;61;6741
7;2;62;6582
7;2;63;6370
7;2;64;6264
7;2;65;6154
7;2;66;6069
7;2;67;5889
7;2;68;5628
7;2;69;5361
7;2;70;5126
7;2;71;4551
7;2;72;4287
7;2;73;4053
7;2;74;3832
7;2;75;3574
7;2;76;3337
7;2;77;3119
7;2;78;2916
7;2;79;2726
7;2;80;2563
7;2;81;2400
7;2;82;2200
7;2;83;1983
7;2;84;1757
7;2;85;1578
7;2;86;1410
7;2;87;1269
7;2;88;1149
7;2;89;1018
7;2;90;889
7;2;91;771
7;2;92;649
7;2;93;531
7;2;94;419
7;2;95;326
7;2;96;249
7;2;97;185
7;2;98;133
7;2;99;93
7;2;100;191
8;1;0;9335
8;1;1;9388
8;1;2;9456
8;1;3;9603
8;1;4;10113
8;1;5;10861
8;1;6;11099
8;1;7;10989
8;1;8;10966
8;1;9;11264
8;1;10;11776
8;1;11;11654
8;1;12;11494
8;1;13;11252
8;1;14;11244
8;1;15;10888
8;1;16;10925
8;1;17;11106
8;1;18;11395
8;1;19;11790
8;1;20;11993
8;1;21;12107
8;1;22;12275
8;1;23;12271
8;1;24;12251
8;1;25;12278
8;1;26;12452
8;1;27;12702
8;1;28;12830
8;1;29;13180
8;1;30;13493
8;1;31;13132
8;1;32;12726
8;1;33;11795
8;1;34;11026
8;1;35;10692
8;1;36;10551
8;1;37;10769
8;1;38;11003
8;1;39;11152
8;1;40;10978
8;1;41;10946
8;1;42;10956
8;1;43;10716
8;1;44;10609
8;1;45;10835
8;1;46;10974
8;1;47;11077
8;1;48;10999
8;1;49;10995
8;1;50;11021
8;1;51;11026
8;1;52;11078
8;1;53;11072
8;1;54;11109
8;1;55;10927
8;1;56;10663
8;1;57;10355
8;1;58;10084
8;1;59;9699
8;1;60;9312
8;1;61;8924
8;1;62;8623
8;1;63;8420
8;1;64;8109
8;1;65;7770
8;1;66;7401
8;1;67;7119
8;1;68;6711
8;1;69;6284
8;1;70;5796
8;1;71;5399
8;1;72;4970
8;1;73;4806
8;1;74;4425
8;1;75;4058
8;1;76;3723
8;1;77;3404
8;1;78;3133
8;1;79;2861
8;1;80;2599
8;1;81;2371
8;1;82;2086
8;1;83;1860
8;1;84;1614
8;1;85;1402
8;1;86;1222
8;1;87;1069
8;1;88;931
8;1;89;810
8;1;90;689
8;1;91;572
8;1;92;465
8;1;93;357
8;1;94;265
8;1;95;192
8;1;96;132
8;1;97;91
8;1;98;62
8;1;99;40
8;1;100;74
8;2;0;8996
8;2;1;9052
8;2;2;9117
8;2;3;9252
8;2;4;9725
8;2;5;10442
8;2;6;10668
8;2;7;10562
8;2;8;10535
8;2;9;10829
8;2;10;11315
8;2;11;11204
8;2;12;11046
8;2;13;10804
8;2;14;10810
8;2;15;10493
8;2;16;10559
8;2;17;10772
8;2;18;11086
8;2;19;11604
8;2;20;11803
8;2;21;11931
8;2;22;12181
8;2;23;12283
8;2;24;12313
8;2;25;12373
8;2;26;12521
8;2;27;12755
8;2;28;12887
8;2;29;13247
8;2;30;13596
8;2;31;13271
8;2;32;12921
8;2;33;12097
8;2;34;11459
8;2;35;11233
8;2;36;11201
8;2;37;11491
8;2;38;11766
8;2;39;11913
8;2;40;11710
8;2;41;11608
8;2;42;11541
8;2;43;11295
8;2;44;11220
8;2;45;11484
8;2;46;11613
8;2;47;11660
8;2;48;11538
8;2;49;11508
8;2;50;11559
8;2;51;11587
8;2;52;11669
8;2;53;11674
8;2;54;11697
8;2;55;11529
8;2;56;11286
8;2;57;10994
8;2;58;10757
8;2;59;10419
8;2;60;10090
8;2;61;9755
8;2;62;9515
8;2;63;9397
8;2;64;9176
8;2;65;8894
8;2;66;8572
8;2;67;8334
8;2;68;7951
8;2;69;7474
8;2;70;6986
8;2;71;6325
8;2;72;5903
8;2;73;5802
8;2;74;5479
8;2;75;5138
8;2;76;4837
8;2;77;4529
8;2;78;4269
8;2;79;3995
8;2;80;3734
8;2;81;3489
8;2;82;3165
8;2;83;2892
8;2;84;2589
8;2;85;2304
8;2;86;2065
8;2;87;1870
8;2;88;1692
8;2;89;1515
8;2;90;1346
8;2;91;1181
8;2;92;1000
8;2;93;818
8;2;94;650
8;2;95;508
8;2;96;380
8;2;97;280
8;2;98;198
8;2;99;145
8;2;100;341
9;1;0;5984
9;1;1;6036
9;1;2;6111
9;1;3;6241
9;1;4;6601
9;1;5;6892
9;1;6;7157
9;1;7;6966
9;1;8;6999
9;1;9;7176
9;1;10;7329
9;1;11;7308
9;1;12;7470
9;1;13;7221
9;1;14;7123
9;1;15;6939
9;1;16;6873
9;1;17;6817
9;1;18;6652
9;1;19;6825
9;1;20;6831
9;1;21;6868
9;1;22;6995
9;1;23;7021
9;1;24;7083
9;1;25;7146
9;1;26;7252
9;1;27;7332
9;1;28;7368
9;1;29;7495
9;1;30;7537
9;1;31;7424
9;1;32;7401
9;1;33;6886
9;1;34;6485
9;1;35;6526
9;1;36;6595
9;1;37;6667
9;1;38;6762
9;1;39;6850
9;1;40;6791
9;1;41;6662
9;1;42;6613
9;1;43;6604
9;1;44;6728
9;1;45;6803
9;1;46;6789
9;1;47;6697
9;1;48;6505
9;1;49;6419
9;1;50;6456
9;1;51;6513
9;1;52;6593
9;1;53;6610
9;1;54;6588
9;1;55;6494
9;1;56;6367
9;1;57;6203
9;1;58;6003
9;1;59;5818
9;1;60;5633
9;1;61;5474
9;1;62;5356
9;1;63;5235
9;1;64;5109
9;1;65;4913
9;1;66;4652
9;1;67;4398
9;1;68;4235
9;1;69;4009
9;1;70;3769
9;1;71;3406
9;1;72;3129
9;1;73;3010
9;1;74;2891
9;1;75;2725
9;1;76;2506
9;1;77;2310
9;1;78;2137
9;1;79;1979
9;1;80;1816
9;1;81;1645
9;1;82;1485
9;1;83;1320
9;1;84;1158
9;1;85;1022
9;1;86;892
9;1;87;780
9;1;88;673
9;1;89;586
9;1;90;499
9;1;91;423
9;1;92;345
9;1;93;276
9;1;94;208
9;1;95;161
9;1;96;113
9;1;97;82
9;1;98;59
9;1;99;41
9;1;100;88
9;2;0;5762
9;2;1;5822
9;2;2;5902
9;2;3;6024
9;2;4;6363
9;2;5;6646
9;2;6;6902
9;2;7;6721
9;2;8;6747
9;2;9;6914
9;2;10;7059
9;2;11;7035
9;2;12;7201
9;2;13;6957
9;2;14;6860
9;2;15;6675
9;2;16;6630
9;2;17;6642
9;2;18;6581
9;2;19;6834
9;2;20;6882
9;2;21;6957
9;2;22;7104
9;2;23;7175
9;2;24;7269
9;2;25;7391
9;2;26;7544
9;2;27;7669
9;2;28;7762
9;2;29;7911
9;2;30;7961
9;2;31;7828
9;2;32;7785
9;2;33;7285
9;2;34;6931
9;2;35;7007
9;2;36;7098
9;2;37;7143
9;2;38;7180
9;2;39;7210
9;2;40;7120
9;2;41;6983
9;2;42;6937
9;2;43;6932
9;2;44;7052
9;2;45;7102
9;2;46;7041
9;2;47;6896
9;2;48;6662
9;2;49;6544
9;2;50;6579
9;2;51;6646
9;2;52;6750
9;2;53;6774
9;2;54;6749
9;2;55;6653
9;2;56;6528
9;2;57;6360
9;2;58;6173
9;2;59;5999
9;2;60;5813
9;2;61;5663
9;2;62;5570
9;2;63;5482
9;2;64;5394
9;2;65;5241
9;2;66;5034
9;2;67;4815
9;2;68;4694
9;2;69;4505
9;2;70;4304
9;2;71;3843
9;2;72;3589
9;2;73;3513
9;2;74;3417
9;2;75;3282
9;2;76;3082
9;2;77;2900
9;2;78;2751
9;2;79;2616
9;2;80;2470
9;2;81;2306
9;2;82;2157
9;2;83;1988
9;2;84;1809
9;2;85;1641
9;2;86;1486
9;2;87;1345
9;2;88;1204
9;2;89;1075
9;2;90;944
9;2;91;808
9;2;92;672
9;2;93;550
9;2;94;435
9;2;95;342
9;2;96;255
9;2;97;190
9;2;98;138
9;2;99;98
9;2;100;230
10;1;0;5176
10;1;1;5203
10;1;2;5240
10;1;3;5326
10;1;4;5597
10;1;5;5811
10;1;6;5794
10;1;7;5800
10;1;8;5860
10;1;9;6042
10;1;10;6381
10;1;11;6484
10;1;12;6745
10;1;13;6508
10;1;14;6086
10;1;15;6120
10;1;16;5928
10;1;17;5905
10;1;18;5856
10;1;19;5928
10;1;20;5866
10;1;21;5739
10;1;22;5735
10;1;23;5737
10;1;24;5835
10;1;25;6003
10;1;26;6217
10;1;27;6431
10;1;28;6703
10;1;29;7029
10;1;30;7305
10;1;31;7155
10;1;32;7175
10;1;33;6726
10;1;34;6518
10;1;35;6487
10;1;36;6564
10;1;37;6558
10;1;38;6568
10;1;39;6576
10;1;40;6541
10;1;41;6510
10;1;42;6502
10;1;43;6547
10;1;44;6605
10;1;45;6741
10;1;46;6725
10;1;47;6639
10;1;48;6587
10;1;49;6419
10;1;50;6341
10;1;51;6291
10;1;52;6313
10;1;53;6320
10;1;54;6313
10;1;55;6240
10;1;56;6046
10;1;57;5802
10;1;58;5526
10;1;59;5254
10;1;60;4959
10;1;61;4697
10;1;62;4484
10;1;63;4345
10;1;64;4240
10;1;65;4129
10;1;66;3944
10;1;67;3747
10;1;68;3522
10;1;69;3346
10;1;70;3076
10;1;71;2770
10;1;72;2550
10;1;73;2402
10;1;74;2249
10;1;75;2030
10;1;76;1871
10;1;77;1744
10;1;78;1661
10;1;79;1537
10;1;80;1399
10;1;81;1276
10;1;82;1151
10;1;83;1009
10;1;84;860
10;1;85;741
10;1;86;642
10;1;87;561
10;1;88;482
10;1;89;416
10;1;90;354
10;1;91;299
10;1;92;245
10;1;93;191
10;1;94;148
10;1;95;110
10;1;96;81
10;1;97;56
10;1;98;39
10;1;99;25
10;1;100;51
10;2;0;4980
10;2;1;5004
10;2;2;5036
10;2;3;5115
10;2;4;5371
10;2;5;5576
10;2;6;5563
10;2;7;5567
10;2;8;5624
10;2;9;5799
10;2;10;6131
10;2;11;6249
10;2;12;6519
10;2;13;6323
10;2;14;5946
10;2;15;6006
10;2;16;5844
10;2;17;5830
10;2;18;5789
10;2;19;5842
10;2;20;5781
10;2;21;5688
10;2;22;5722
10;2;23;5757
10;2;24;5872
10;2;25;6064
10;2;26;6294
10;2;27;6510
10;2;28;6778
10;2;29;7073
10;2;30;7323
10;2;31;7165
10;2;32;7161
10;2;33;6709
10;2;34;6503
10;2;35;6458
10;2;36;6536
10;2;37;6534
10;2;38;6489
10;2;39;6451
10;2;40;6410
10;2;41;6420
10;2;42;6468
10;2;43;6521
10;2;44;6564
10;2;45;6641
10;2;46;6556
10;2;47;6407
10;2;48;6306
10;2;49;6115
10;2;50;6032
10;2;51;5982
10;2;52;6001
10;2;53;6017
10;2;54;6009
10;2;55;5948
10;2;56;5782
10;2;57;5570
10;2;58;5358
10;2;59;5153
10;2;60;4945
10;2;61;4751
10;2;62;4612
10;2;63;4490
10;2;64;4408
10;2;65;4306
10;2;66;4159
10;2;67;3996
10;2;68;3798
10;2;69;3680
10;2;70;3437
10;2;71;3087
10;2;72;2898
10;2;73;2779
10;2;74;2650
10;2;75;2445
10;2;76;2297
10;2;77;2192
10;2;78;2136
10;2;79;2036
10;2;80;1907
10;2;81;1791
10;2;82;1664
10;2;83;1507
10;2;84;1329
10;2;85;1188
10;2;86;1073
10;2;87;969
10;2;88;868
10;2;89;771
10;2;90;683
10;2;91;594
10;2;92;504
10;2;93;413
10;2;94;330
10;2;95;258
10;2;96;196
10;2;97;144
10;2;98;106
10;2;99;74
10;2;100;172
11;1;0;659
11;1;1;671
11;1;2;683
11;1;3;697
11;1;4;734
11;1;5;778
11;1;6;790
11;1;7;806
11;1;8;822
11;1;9;785
11;1;10;877
11;1;11;863
11;1;12;925
11;1;13;873
11;1;14;840
11;1;15;806
11;1;16;827
11;1;17;774
11;1;18;745
11;1;19;667
11;1;20;610
11;1;21;570
11;1;22;555
11;1;23;559
11;1;24;583
11;1;25;625
11;1;26;680
11;1;27;733
11;1;28;803
11;1;29;882
11;1;30;957
11;1;31;983
11;1;32;969
11;1;33;931
11;1;34;897
11;1;35;861
11;1;36;861
11;1;37;840
11;1;38;834
11;1;39;835
11;1;40;848
11;1;41;847
11;1;42;845
11;1;43;824
11;1;44;825
11;1;45;820
11;1;46;812
11;1;47;794
11;1;48;766
11;1;49;740
11;1;50;714
11;1;51;707
11;1;52;709
11;1;53;695
11;1;54;684
11;1;55;679
11;1;56;671
11;1;57;659
11;1;58;646
11;1;59;626
11;1;60;589
11;1;61;567
11;1;62;544
11;1;63;524
11;1;64;503
11;1;65;476
11;1;66;446
11;1;67;417
11;1;68;398
11;1;69;377
11;1;70;346
11;1;71;302
11;1;72;279
11;1;73;263
11;1;74;249
11;1;75;228
11;1;76;206
11;1;77;190
11;1;78;178
11;1;79;165
11;1;80;151
11;1;81;138
11;1;82;124
11;1;83;109
11;1;84;95
11;1;85;81
11;1;86;72
11;1;87;64
11;1;88;52
11;1;89;42
11;1;90;36
11;1;91;30
11;1;92;24
11;1;93;18
11;1;94;14
11;1;95;10
11;1;96;7
11;1;97;5
11;1;98;3
11;1;99;2
11;1;100;4
11;2;0;635
11;2;1;647
11;2;2;660
11;2;3;674
11;2;4;708
11;2;5;749
11;2;6;762
11;2;7;777
11;2;8;792
11;2;9;752
11;2;10;831
11;2;11;811
11;2;12;861
11;2;13;812
11;2;14;775
11;2;15;742
11;2;16;741
11;2;17;648
11;2;18;584
11;2;19;546
11;2;20;524
11;2;21;511
11;2;22;523
11;2;23;534
11;2;24;567
11;2;25;624
11;2;26;691
11;2;27;764
11;2;28;854
11;2;29;946
11;2;30;1024
11;2;31;1039
11;2;32;1013
11;2;33;956
11;2;34;907
11;2;35;871
11;2;36;883
11;2;37;877
11;2;38;857
11;2;39;828
11;2;40;817
11;2;41;809
11;2;42;811
11;2;43;790
11;2;44;788
11;2;45;787
11;2;46;782
11;2;47;768
11;2;48;733
11;2;49;705
11;2;50;676
11;2;51;666
11;2;52;659
11;2;53;642
11;2;54;631
11;2;55;621
11;2;56;613
11;2;57;602
11;2;58;593
11;2;59;580
11;2;60;556
11;2;61;544
11;2;62;529
11;2;63;520
11;2;64;509
11;2;65;493
11;2;66;471
11;2;67;444
11;2;68;421
11;2;69;400
11;2;70;368
11;2;71;306
11;2;72;275
11;2;73;261
11;2;74;245
11;2;75;224
11;2;76;204
11;2;77;192
11;2;78;186
11;2;79;181
11;2;80;175
11;2;81;168
11;2;82;157
11;2;83;143
11;2;84;127
11;2;85;114
11;2;86;106
11;2;87;96
11;2;88;84
11;2;89;73
11;2;90;68
11;2;91;60
11;2;92;51
11;2;93;42
11;2;94;34
11;2;95;28
11;2;96;20
11;2;97;16
11;2;98;13
11;2;99;9
11;2;100;22
12;1;0;989
12;1;1;989
12;1;2;987
12;1;3;989
12;1;4;1023
12;1;5;1089
12;1;6;1114
12;1;7;1086
12;1;8;1097
12;1;9;1131
12;1;10;1167
12;1;11;1184
12;1;12;1191
12;1;13;1184
12;1;14;1176
12;1;15;1199
12;1;16;1203
12;1;17;1219
12;1;18;1253
12;1;19;1248
12;1;20;1261
12;1;21;1271
12;1;22;1280
12;1;23;1331
12;1;24;1384
12;1;25;1431
12;1;26;1469
12;1;27;1497
12;1;28;1538
12;1;29;1584
12;1;30;1618
12;1;31;1637
12;1;32;1640
12;1;33;1590
12;1;34;1516
12;1;35;1456
12;1;36;1408
12;1;37;1396
12;1;38;1394
12;1;39;1399
12;1;40;1403
12;1;41;1404
12;1;42;1376
12;1;43;1335
12;1;44;1294
12;1;45;1259
12;1;46;1244
12;1;47;1212
12;1;48;1153
12;1;49;1108
12;1;50;1064
12;1;51;1089
12;1;52;1089
12;1;53;1094
12;1;54;1098
12;1;55;1104
12;1;56;1103
12;1;57;1096
12;1;58;1092
12;1;59;1094
12;1;60;1092
12;1;61;1079
12;1;62;1056
12;1;63;1025
12;1;64;986
12;1;65;949
12;1;66;904
12;1;67;855
12;1;68;802
12;1;69;748
12;1;70;700
12;1;71;609
12;1;72;539
12;1;73;510
12;1;74;481
12;1;75;438
12;1;76;399
12;1;77;360
12;1;78;327
12;1;79;293
12;1;80;267
12;1;81;244
12;1;82;217
12;1;83;191
12;1;84;167
12;1;85;147
12;1;86;129
12;1;87;113
12;1;88;100
12;1;89;88
12;1;90;77
12;1;91;65
12;1;92;53
12;1;93;43
12;1;94;33
12;1;95;26
12;1;96;18
12;1;97;13
12;1;98;9
12;1;99;7
12;1;100;12
12;2;0;952
12;2;1;952
12;2;2;952
12;2;3;957
12;2;4;993
12;2;5;1059
12;2;6;1083
12;2;7;1055
12;2;8;1061
12;2;9;1088
12;2;10;1119
12;2;11;1138
12;2;12;1138
12;2;13;1119
12;2;14;1089
12;2;15;1083
12;2;16;1048
12;2;17;1013
12;2;18;1013
12;2;19;1010
12;2;20;1036
12;2;21;1068
12;2;22;1114
12;2;23;1185
12;2;24;1246
12;2;25;1298
12;2;26;1348
12;2;27;1397
12;2;28;1452
12;2;29;1508
12;2;30;1550
12;2;31;1560
12;2;32;1560
12;2;33;1512
12;2;34;1442
12;2;35;1411
12;2;36;1394
12;2;37;1396
12;2;38;1388
12;2;39;1364
12;2;40;1324
12;2;41;1313
12;2;42;1292
12;2;43;1263
12;2;44;1235
12;2;45;1214
12;2;46;1191
12;2;47;1162
12;2;48;1102
12;2;49;1062
12;2;50;1026
12;2;51;1062
12;2;52;1076
12;2;53;1093
12;2;54;1090
12;2;55;1109
12;2;56;1110
12;2;57;1108
12;2;58;1093
12;2;59;1110
12;2;60;1085
12;2;61;1056
12;2;62;1018
12;2;63;988
12;2;64;951
12;2;65;910
12;2;66;859
12;2;67;814
12;2;68;769
12;2;69;726
12;2;70;688
12;2;71;602
12;2;72;542
12;2;73;522
12;2;74;500
12;2;75;477
12;2;76;451
12;2;77;423
12;2;78;396
12;2;79;372
12;2;80;353
12;2;81;335
12;2;82;312
12;2;83;290
12;2;84;265
12;2;85;242
12;2;86;217
12;2;87;195
12;2;88;170
12;2;89;148
12;2;90;126
12;2;91;108
12;2;92;86
12;2;93;69
12;2;94;54
12;2;95;43
12;2;96;32
12;2;97;21
12;2;98;16
12;2;99;11
12;2;100;21
13;1;0;53657
13;1;1;52428
13;1;2;50860
13;1;3;50185
13;1;4;50897
13;1;5;52970
13;1;6;53629
13;1;7;52237
13;1;8;51399
13;1;9;51655
13;1;10;51812
13;1;11;52175
13;1;12;51426
13;1;13;50273
13;1;14;48699
13;1;15;47557
13;1;16;47796
13;1;17;49747
13;1;18;52163
13;1;19;54465
13;1;20;57139
13;1;21;59916
13;1;22;63372
13;1;23;66455
13;1;24;69559
13;1;25;72689
13;1;26;75329
13;1;27;77407
13;1;28;79308
13;1;29;81637
13;1;30;83920
13;1;31;82783
13;1;32;81377
13;1;33;77448
13;1;34;74465
13;1;35;71882
13;1;36;69694
13;1;37;68231
13;1;38;66535
13;1;39;64582
13;1;40;62247
13;1;41;60184
13;1;42;58873
13;1;43;58567
13;1;44;58019
13;1;45;57076
13;1;46;55719
13;1;47;53546
13;1;48;51768
13;1;49;49879
13;1;50;48521
13;1;51;47757
13;1;52;47857
13;1;53;47739
13;1;54;47057
13;1;55;46175
13;1;56;45289
13;1;57;44279
13;1;58;42964
13;1;59;41669
13;1;60;40298
13;1;61;38752
13;1;62;37292
13;1;63;36006
13;1;64;34548
13;1;65;32953
13;1;66;31377
13;1;67;29849
13;1;68;28428
13;1;69;26740
13;1;70;24862
13;1;71;22142
13;1;72;20060
13;1;73;19040
13;1;74;17451
13;1;75;15832
13;1;76;14315
13;1;77;12935
13;1;78;11768
13;1;79;10724
13;1;80;9729
13;1;81;8708
13;1;82;7740
13;1;83;6826
13;1;84;5973
13;1;85;5188
13;1;86;4510
13;1;87;3965
13;1;88;3509
13;1;89;3079
13;1;90;2639
13;1;91;2191
13;1;92;1792
13;1;93;1420
13;1;94;1090
13;1;95;796
13;1;96;576
13;1;97;400
13;1;98;274
13;1;99;188
13;1;100;356
13;2;0;51684
13;2;1;50545
13;2;2;49087
13;2;3;48466
13;2;4;49145
13;2;5;51182
13;2;6;51896
13;2;7;50642
13;2;8;49894
13;2;9;50194
13;2;10;50412
13;2;11;50782
13;2;12;50069
13;2;13;48994
13;2;14;47573
13;2;15;46626
13;2;16;46980
13;2;17;48846
13;2;18;51019
13;2;19;52817
13;2;20;55366
13;2;21;57931
13;2;22;61037
13;2;23;63692
13;2;24;66389
13;2;25;69107
13;2;26;71438
13;2;27;73296
13;2;28;74926
13;2;29;76865
13;2;30;78759
13;2;31;77368
13;2;32;75838
13;2;33;71843
13;2;34;68934
13;2;35;66370
13;2;36;64404
13;2;37;63408
13;2;38;62347
13;2;39;60884
13;2;40;59080
13;2;41;57418
13;2;42;56524
13;2;43;56548
13;2;44;56546
13;2;45;56046
13;2;46;55231
13;2;47;53593
13;2;48;52456
13;2;49;51095
13;2;50;50198
13;2;51;49830
13;2;52;50302
13;2;53;50599
13;2;54;50394
13;2;55;49887
13;2;56;49378
13;2;57;48682
13;2;58;47683
13;2;59;46540
13;2;60;45439
13;2;61;44124
13;2;62;42823
13;2;63;41708
13;2;64;40496
13;2;65;39043
13;2;66;37544
13;2;67;36070
13;2;68;34765
13;2;69;33203
13;2;70;31400
13;2;71;27797
13;2;72;25661
13;2;73;24913
13;2;74;23505
13;2;75;21773
13;2;76;20192
13;2;77;18805
13;2;78;17637
13;2;79;16512
13;2;80;15490
13;2;81;14409
13;2;82;13330
13;2;83;12250
13;2;84;11189
13;2;85;10170
13;2;86;9271
13;2;87;8509
13;2;88;7825
13;2;89;7105
13;2;90;6345
13;2;91;5526
13;2;92;4736
13;2;93;3938
13;2;94;3179
13;2;95;2489
13;2;96;1901
13;2;97;1429
13;2;98;1035
13;2;99;745
13;2;100;1829
14;1;0;2233
14;1;1;2239
14;1;2;2254
14;1;3;2285
14;1;4;2395
14;1;5;2537
14;1;6;2516
14;1;7;2622
14;1;8;2677
14;1;9;2760
14;1;10;2840
14;1;11;2901
14;1;12;2833
14;1;13;2802
14;1;14;2749
14;1;15;2721
14;1;16;2718
14;1;17;2670
14;1;18;2767
14;1;19;2864
14;1;20;2842
14;1;21;2818
14;1;22;2883
14;1;23;2854
14;1;24;2893
14;1;25;2961
14;1;26;3019
14;1;27;3097
14;1;28;3107
14;1;29;3134
14;1;30;3159
14;1;31;3084
14;1;32;3042
14;1;33;2875
14;1;34;2703
14;1;35;2592
14;1;36;2567
14;1;37;2548
14;1;38;2606
14;1;39;2618
14;1;40;2598
14;1;41;2537
14;1;42;2516
14;1;43;2495
14;1;44;2576
14;1;45;2647
14;1;46;2699
14;1;47;2689
14;1;48;2643
14;1;49;2606
14;1;50;2621
14;1;51;2690
14;1;52;2781
14;1;53;2832
14;1;54;2856
14;1;55;2850
14;1;56;2825
14;1;57;2792
14;1;58;2756
14;1;59;2590
14;1;60;2448
14;1;61;2319
14;1;62;2195
14;1;63;2091
14;1;64;2019
14;1;65;1984
14;1;66;1898
14;1;67;1809
14;1;68;1730
14;1;69;1644
14;1;70;1526
14;1;71;1399
14;1;72;1273
14;1;73;1194
14;1;74;1122
14;1;75;1057
14;1;76;973
14;1;77;901
14;1;78;835
14;1;79;771
14;1;80;707
14;1;81;620
14;1;82;568
14;1;83;510
14;1;84;443
14;1;85;393
14;1;86;343
14;1;87;291
14;1;88;247
14;1;89;213
14;1;90;183
14;1;91;153
14;1;92;120
14;1;93;95
14;1;94;71
14;1;95;53
14;1;96;37
14;1;97;23
14;1;98;15
14;1;99;9
14;1;100;21
14;2;0;2153
14;2;1;2166
14;2;2;2182
14;2;3;2214
14;2;4;2320
14;2;5;2460
14;2;6;2443
14;2;7;2545
14;2;8;2594
14;2;9;2674
14;2;10;2751
14;2;11;2809
14;2;12;2749
14;2;13;2715
14;2;14;2660
14;2;15;2633
14;2;16;2622
14;2;17;2571
14;2;18;2672
14;2;19;2835
14;2;20;2840
14;2;21;2827
14;2;22;2904
14;2;23;2910
14;2;24;2969
14;2;25;3055
14;2;26;3113
14;2;27;3190
14;2;28;3208
14;2;29;3255
14;2;30;3281
14;2;31;3239
14;2;32;3193
14;2;33;3042
14;2;34;2891
14;2;35;2792
14;2;36;2768
14;2;37;2749
14;2;38;2782
14;2;39;2758
14;2;40;2707
14;2;41;2603
14;2;42;2530
14;2;43;2483
14;2;44;2552
14;2;45;2637
14;2;46;2700
14;2;47;2708
14;2;48;2662
14;2;49;2628
14;2;50;2654
14;2;51;2712
14;2;52;2802
14;2;53;2840
14;2;54;2851
14;2;55;2831
14;2;56;2801
14;2;57;2764
14;2;58;2738
14;2;59;2585
14;2;60;2468
14;2;61;2360
14;2;62;2270
14;2;63;2193
14;2;64;2150
14;2;65;2134
14;2;66;2074
14;2;67;2007
14;2;68;1942
14;2;69;1879
14;2;70;1765
14;2;71;1627
14;2;72;1496
14;2;73;1429
14;2;74;1362
14;2;75;1307
14;2;76;1224
14;2;77;1161
14;2;78;1104
14;2;79;1045
14;2;80;989
14;2;81;898
14;2;82;847
14;2;83;791
14;2;84;713
14;2;85;663
14;2;86;596
14;2;87;525
14;2;88;465
14;2;89;413
14;2;90;367
14;2;91;320
14;2;92;275
14;2;93;225
14;2;94;183
14;2;95;146
14;2;96;109
14;2;97;80
14;2;98;60
14;2;99;42
14;2;100;105
15;1;0;1621
15;1;1;1617
15;1;2;1609
15;1;3;1624
15;1;4;1689
15;1;5;1754
15;1;6;1891
15;1;7;1879
15;1;8;1859
15;1;9;1914
15;1;10;2003
15;1;11;1945
15;1;12;1917
15;1;13;1840
15;1;14;1716
15;1;15;1777
15;1;16;1845
15;1;17;1937
15;1;18;1995
15;1;19;2096
15;1;20;2142
15;1;21;2181
15;1;22;2214
15;1;23;2245
15;1;24;2188
15;1;25;2189
15;1;26;2170
15;1;27;2163
15;1;28;2159
15;1;29;2189
15;1;30;2205
15;1;31;2196
15;1;32;2189
15;1;33;2146
15;1;34;2088
15;1;35;2006
15;1;36;1955
15;1;37;1924
15;1;38;1911
15;1;39;1877
15;1;40;1821
15;1;41;1750
15;1;42;1698
15;1;43;1654
15;1;44;1650
15;1;45;1659
15;1;46;1670
15;1;47;1675
15;1;48;1658
15;1;49;1636
15;1;50;1599
15;1;51;1538
15;1;52;1452
15;1;53;1388
15;1;54;1378
15;1;55;1367
15;1;56;1355
15;1;57;1322
15;1;58;1302
15;1;59;1246
15;1;60;1202
15;1;61;1157
15;1;62;1117
15;1;63;1090
15;1;64;1076
15;1;65;1052
15;1;66;1025
15;1;67;978
15;1;68;935
15;1;69;885
15;1;70;835
15;1;71;743
15;1;72;669
15;1;73;635
15;1;74;597
15;1;75;556
15;1;76;519
15;1;77;476
15;1;78;421
15;1;79;368
15;1;80;323
15;1;81;293
15;1;82;265
15;1;83;232
15;1;84;204
15;1;85;180
15;1;86;162
15;1;87;138
15;1;88;122
15;1;89;111
15;1;90;97
15;1;91;85
15;1;92;70
15;1;93;56
15;1;94;43
15;1;95;33
15;1;96;23
15;1;97;17
15;1;98;12
15;1;99;8
15;1;100;18
15;2;0;1561
15;2;1;1555
15;2;2;1545
15;2;3;1552
15;2;4;1610
15;2;5;1678
15;2;6;1817
15;2;7;1813
15;2;8;1797
15;2;9;1841
15;2;10;1916
15;2;11;1853
15;2;12;1813
15;2;13;1738
15;2;14;1616
15;2;15;1646
15;2;16;1659
15;2;17;1690
15;2;18;1687
15;2;19;1710
15;2;20;1767
15;2;21;1824
15;2;22;1864
15;2;23;1908
15;2;24;1952
15;2;25;1958
15;2;26;1948
15;2;27;1946
15;2;28;1947
15;2;29;2001
15;2;30;2024
15;2;31;2024
15;2;32;2015
15;2;33;1969
15;2;34;1931
15;2;35;1871
15;2;36;1850
15;2;37;1834
15;2;38;1832
15;2;39;1812
15;2;40;1755
15;2;41;1701
15;2;42;1654
15;2;43;1612
15;2;44;1608
15;2;45;1618
15;2;46;1631
15;2;47;1634
15;2;48;1624
15;2;49;1612
15;2;50;1585
15;2;51;1535
15;2;52;1473
15;2;53;1429
15;2;54;1446
15;2;55;1459
15;2;56;1468
15;2;57;1464
15;2;58;1462
15;2;59;1410
15;2;60;1362
15;2;61;1307
15;2;62;1249
15;2;63;1216
15;2;64;1194
15;2;65;1170
15;2;66;1138
15;2;67;1094
15;2;68;1057
15;2;69;1020
15;2;70;983
15;2;71;882
15;2;72;813
15;2;73;792
15;2;74;758
15;2;75;718
15;2;76;685
15;2;77;644
15;2;78;584
15;2;79;532
15;2;80;483
15;2;81;453
15;2;82;419
15;2;83;376
15;2;84;335
15;2;85;304
15;2;86;275
15;2;87;245
15;2;88;218
15;2;89;194
15;2;90;172
15;2;91;152
15;2;92;129
15;2;93;101
15;2;94;75
15;2;95;57
15;2;96;42
15;2;97;29
15;2;98;20
15;2;99;14
15;2;100;24
16;1;0;2672
16;1;1;2721
16;1;2;2782
16;1;3;2866
16;1;4;3051
16;1;5;3242
16;1;6;3336
16;1;7;3305
16;1;8;3273
16;1;9;3420
16;1;10;3601
16;1;11;3634
16;1;12;3719
16;1;13;3653
16;1;14;3651
16;1;15;3574
16;1;16;3506
16;1;17;3385
16;1;18;3279
16;1;19;3139
16;1;20;3120
16;1;21;3084
16;1;22;3080
16;1;23;3103
16;1;24;3136
16;1;25;3205
16;1;26;3230
16;1;27;3323
16;1;28;3379
16;1;29;3532
16;1;30;3607
16;1;31;3602
16;1;32;3549
16;1;33;3380
16;1;34;3277
16;1;35;3137
16;1;36;3110
16;1;37;3067
16;1;38;3079
16;1;39;3086
16;1;40;3096
16;1;41;3090
16;1;42;3075
16;1;43;3048
16;1;44;3013
16;1;45;3086
16;1;46;3292
16;1;47;3409
16;1;48;3469
16;1;49;3488
16;1;50;3475
16;1;51;3498
16;1;52;3543
16;1;53;3570
16;1;54;3581
16;1;55;3571
16;1;56;3542
16;1;57;3475
16;1;58;3352
16;1;59;3250
16;1;60;3130
16;1;61;3064
16;1;62;2998
16;1;63;2918
16;1;64;2843
16;1;65;2675
16;1;66;2559
16;1;67;2459
16;1;68;2355
16;1;69;2240
16;1;70;2152
16;1;71;2040
16;1;72;1915
16;1;73;1793
16;1;74;1671
16;1;75;1552
16;1;76;1434
16;1;77;1322
16;1;78;1218
16;1;79;1119
16;1;80;1021
16;1;81;938
16;1;82;852
16;1;83;750
16;1;84;654
16;1;85;564
16;1;86;492
16;1;87;430
16;1;88;374
16;1;89;320
16;1;90;272
16;1;91;227
16;1;92;183
16;1;93;145
16;1;94;112
16;1;95;80
16;1;96;59
16;1;97;38
16;1;98;25
16;1;99;16
16;1;100;32
16;2;0;2561
16;2;1;2606
16;2;2;2669
16;2;3;2749
16;2;4;2917
16;2;5;3101
16;2;6;3164
16;2;7;3108
16;2;8;3047
16;2;9;3162
16;2;10;3323
16;2;11;3336
16;2;12;3410
16;2;13;3334
16;2;14;3313
16;2;15;3236
16;2;16;3211
16;2;17;3192
16;2;18;3192
16;2;19;3216
16;2;20;3250
16;2;21;3289
16;2;22;3318
16;2;23;3372
16;2;24;3444
16;2;25;3555
16;2;26;3611
16;2;27;3659
16;2;28;3674
16;2;29;3786
16;2;30;3869
16;2;31;3860
16;2;32;3794
16;2;33;3689
16;2;34;3642
16;2;35;3557
16;2;36;3490
16;2;37;3423
16;2;38;3424
16;2;39;3438
16;2;40;3444
16;2;41;3436
16;2;42;3427
16;2;43;3410
16;2;44;3408
16;2;45;3511
16;2;46;3744
16;2;47;3868
16;2;48;3905
16;2;49;3887
16;2;50;3840
16;2;51;3827
16;2;52;3824
16;2;53;3821
16;2;54;3689
16;2;55;3663
16;2;56;3625
16;2;57;3569
16;2;58;3458
16;2;59;3462
16;2;60;3340
16;2;61;3267
16;2;62;3215
16;2;63;3134
16;2;64;3067
16;2;65;2893
16;2;66;2775
16;2;67;2665
16;2;68;2557
16;2;69;2453
16;2;70;2362
16;2;71;2239
16;2;72;2121
16;2;73;2025
16;2;74;1855
16;2;75;1765
16;2;76;1682
16;2;77;1587
16;2;78;1496
16;2;79;1461
16;2;80;1372
16;2;81;1295
16;2;82;1204
16;2;83;1088
16;2;84;975
16;2;85;870
16;2;86;776
16;2;87;701
16;2;88;619
16;2;89;550
16;2;90;486
16;2;91;421
16;2;92;355
16;2;93;291
16;2;94;229
16;2;95;181
16;2;96;134
16;2;97;98
16;2;98;71
16;2;99;52
16;2;100;113
