Region,Arica y Parinacota,Tarapacá,Antofagasta,Atacama,Coquimbo,Valparaíso,Metropolitana,O’Higgins,Maule,Ñuble,Biobío,Araucanía,Los Ríos,Los Lagos,Aysén,Magallanes,Total
03-03-20,0,0,0,0,0,0,0,0,0,0,0,0,0,0,0,0,0
04-03-20,0,0,0,0,0,0,1,0,1,0,0,0,0,0,0,0,2
05-03-20,0,0,0,0,0,0,1,0,0,0,0,0,0,0,0,0,1
06-03-20,0,0,0,0,0,0,1,0,0,0,0,0,0,0,0,0,1
07-03-20,0,0,0,0,0,0,1,0,0,0,0,0,0,1,0,0,2
08-03-20,0,0,0,0,0,0,2,0,1,0,0,0,0,0,0,0,3
09-03-20,0,0,0,0,0,0,3,0,1,0,1,0,0,0,0,0,5
10-03-20,0,0,0,0,0,0,1,0,1,0,0,0,0,0,0,0,2
11-03-20,0,0,0,0,0,0,4,0,2,0,0,0,0,0,0,0,6
12-03-20,0,0,0,0,0,0,9,0,0,1,0,0,0,0,0,0,10
13-03-20,0,0,0,0,0,0,6,0,1,1,2,0,0,0,0,0,10
14-03-20,0,0,2,1,0,0,11,0,1,2,0,0,0,0,1,0,18
15-03-20,0,0,0,0,0,0,14,0,0,0,0,0,0,0,0,0,14
16-03-20,0,0,0,0,0,1,69,0,0,8,1,1,1,0,0,0,81
17-03-20,0,0,0,0,0,0,29,0,0,14,0,0,0,0,0,2,45
18-03-20,0,0,0,0,0,0,22,0,2,0,3,3,0,7,0,0,37
19-03-20,1,0,0,0,2,3,73,2,3,2,7,3,0,8,0,0,104
20-03-20,0,0,4,0,1,1,57,4,0,16,5,2,0,2,0,0,92
21-03-20,0,0,4,0,0,8,55,1,1,14,11,6,0,2,0,1,103
22-03-20,1,0,1,0,2,3,50,1,10,6,5,12,0,3,0,1,95
23-03-20,0,1,0,0,1,3,50,0,3,17,11,13,3,10,0,2,114
24-03-20,0,3,2,0,5,6,81,1,1,24,27,19,2,3,0,2,176
25-03-20,0,0,6,0,1,7,142,2,1,6,22,15,5,8,0,5,220
26-03-20,1,1,1,0,1,12,64,3,1,3,14,37,3,16,1,6,164
27-03-20,0,0,1,0,1,5,192,2,1,30,26,32,8,3,0,3,304
28-03-20,0,0,4,0,1,22,146,4,5,28,16,34,5,30,0,4,299
29-03-20,1,1,2,1,3,9,83,1,5,25,34,28,13,11,0,13,230
30-03-20,2,2,8,0,9,28,128,0,12,32,16,42,7,24,0,0,310
31-03-20,0,2,0,0,1,7,125,2,8,16,15,55,11,23,0,24,289
01-04-20,0,0,4,1,2,21,101,3,9,14,24,41,6,30,1,36,293
02-04-20,1,2,8,0,4,20,115,6,11,82,35,46,4,22,2,15,373
03-04-20,5,1,7,2,1,20,106,1,7,29,27,43,10,31,1,42,333
04-04-20,0,4,1,0,9,9,215,5,8,31,45,45,11,25,0,16,424
05-04-20,16,3,5,0,6,6,145,3,6,24,18,32,10,17,1,18,310
06-04-20,13,1,8,0,1,7,142,1,5,49,18,53,5,10,0,31,344
07-04-20,12,2,1,1,1,16,106,0,0,48,27,50,5,13,0,19,301
08-04-20,10,3,8,2,4,11,198,1,11,39,29,57,5,26,0,26,430
09-04-20,12,3,15,2,5,5,284,1,9,10,21,20,4,15,0,20,426
10-04-20,12,6,18,3,0,11,361,0,3,18,14,23,6,9,0,45,529
11-04-20,20,3,7,0,3,7,255,1,3,17,16,27,6,15,0,46,426
12-04-20,8,8,21,0,2,6,151,1,4,7,10,36,5,8,0,19,286
13-04-20,0,6,11,0,0,19,204,2,3,5,12,20,3,8,0,19,312
14-04-20,5,10,6,0,0,12,283,5,1,4,16,21,10,5,0,14,392
15-04-20,4,0,21,0,0,14,248,1,10,12,14,10,2,5,0,15,356
16-04-20,5,4,16,0,2,31,348,0,15,5,17,56,3,9,0,23,534
17-04-20,5,7,19,0,0,15,233,1,56,17,19,25,1,13,0,34,445
18-04-20,8,8,15,0,0,14,277,0,53,11,28,37,2,4,0,21,478
19-04-20,3,9,23,0,0,22,189,0,26,11,10,28,1,5,0,31,358
20-04-20,16,3,14,0,1,7,262,1,2,9,10,73,5,3,0,13,419
21-04-20,9,11,28,0,0,15,145,1,12,7,10,47,5,8,0,27,325
22-04-20,10,10,35,0,1,18,295,2,12,9,22,21,4,13,0,12,464
23-04-20,30,14,14,5,0,8,351,17,5,5,17,29,2,9,0,10,516
24-04-20,29,6,26,3,2,7,327,5,16,7,8,42,1,6,0,9,494
25-04-20,6,9,25,3,1,18,404,4,1,10,13,19,3,5,0,31,552
26-04-20,7,13,52,5,0,6,331,7,4,6,7,13,1,8,0,13,473
27-04-20,13,8,14,6,1,25,362,2,9,10,3,20,2,4,0,3,482
28-04-20,3,5,24,0,0,8,442,3,21,6,3,15,0,0,0,22,552
29-04-20,4,14,33,7,2,33,339,7,8,14,10,22,2,4,0,21,520
30-04-20,2,15,27,1,0,28,650,3,0,7,6,18,7,5,0,11,780
01-05-20,13,0,37,0,0,4,812,1,1,0,0,0,0,13,0,1,882
02-05-20,4,11,80,13,1,42,998,10,2,4,19,19,7,11,0,25,1246
03-05-20,1,54,45,8,5,23,912,4,1,7,7,14,2,4,0,25,1112
04-05-20,0,16,14,2,1,18,790,6,2,0,3,1,1,5,0,17,876
05-05-20,7,14,41,4,5,31,1157,5,7,2,11,19,0,1,0,13,1317
06-05-20,3,13,28,0,0,24,784,8,0,1,12,0,1,11,0,8,893
07-05-20,6,38,31,1,1,61,1149,6,6,1,18,7,2,0,1,15,1343
08-05-20,1,5,26,0,9,38,1022,13,11,1,20,7,1,1,0,28,1183
09-05-20,8,25,19,20,12,43,789,13,6,5,31,15,1,7,0,10,1004
10-05-20,2,28,27,7,0,42,1225,8,8,8,10,22,0,10,0,9,1406
11-05-20,10,18,32,5,5,29,827,13,9,1,12,2,1,8,0,3,975
12-05-20,0,23,89,1,4,54,1260,7,8,12,0,14,3,2,0,2,1479
13-05-20,7,31,91,5,0,79,1826,18,17,11,27,9,1,21,0,9,2152
14-05-20,4,51,48,0,3,69,1994,33,24,10,14,36,2,0,0,13,2301
15-05-20,5,75,38,2,5,66,1793,22,14,30,32,18,4,6,0,2,2112
16-05-20,7,51,71,3,0,33,1319,6,9,14,29,16,0,3,0,12,1573
17-05-20,1,108,60,2,1,85,1671,22,17,14,19,13,1,2,0,8,2024
18-05-20,18,73,70,5,13,70,1596,33,23,37,40,28,3,1,0,8,2018
19-05-20,21,40,43,1,21,72,2802,13,33,3,25,18,4,2,0,1,3099
20-05-20,2,28,51,3,13,107,3298,11,29,20,43,10,17,10,0,5,3647
21-05-20,21,99,35,3,2,101,3126,8,44,8,32,25,10,14,0,10,3538
22-05-20,15,121,55,3,10,120,3374,21,50,5,43,22,4,15,0,5,3863
23-05-20,9,68,52,6,12,87,2812,20,37,45,39,30,10,5,0,5,3237
24-05-20,13,85,40,0,25,99,2859,28,65,23,51,26,11,6,0,12,3343
25-05-20,15,53,61,3,14,65,4000,29,54,37,34,30,6,20,2,5,4428
26-05-20,8,97,44,2,37,133,3074,59,60,8,40,21,7,14,2,12,3618
27-05-20,17,70,65,8,64,111,3421,24,52,24,54,26,5,10,0,5,3956
28-05-20,18,119,98,4,24,123,3500,13,46,26,96,31,9,17,2,2,4128
29-05-20,17,130,57,3,52,91,2746,35,55,34,91,24,6,6,2,6,3355
30-05-20,4,124,90,8,52,169,3035,11,59,7,80,47,12,33,0,5,3736
31-05-20,25,86,61,3,23,117,3964,27,30,1,76,11,7,3,1,2,4437
01-06-20,13,152,67,8,33,166,4436,23,37,32,75,34,5,0,0,1,5082
02-06-20,18,60,58,3,17,227,2698,24,36,0,12,21,5,24,0,3,3206
03-06-20,43,76,61,6,29,151,3707,85,181,30,118,29,4,14,0,3,4537
04-06-20,31,108,129,15,44,233,3327,32,117,36,68,6,6,13,1,6,4172
05-06-20,40,139,53,8,37,233,2888,45,96,52,67,89,7,35,0,1,3790
06-06-20,33,104,105,11,53,295,3945,85,87,34,83,26,3,15,0,9,4888
07-06-20,31,119,106,12,84,255,4797,56,116,19,87,47,15,14,1,1,5760
08-06-20,17,133,80,24,120,247,3349,64,51,58,51,26,4,7,0,6,4237
09-06-20,39,89,134,7,43,223,2789,57,92,22,37,28,18,9,0,0,3587
10-06-20,16,79,143,14,78,198,4235,117,123,24,138,42,6,12,0,1,5226
11-06-20,35,92,179,22,75,216,4039,98,105,52,106,34,9,18,1,8,5089
12-06-20,39,91,119,20,79,284,5174,72,116,42,114,35,14,14,0,4,6217
13-06-20,37,152,141,16,66,332,4708,149,118,17,149,51,5,19,2,7,5969
14-06-20,45,119,231,11,35,213,5264,116,121,39,111,26,2,24,0,11,6368
15-06-20,30,90,244,23,96,230,3596,77,84,49,38,48,18,24,2,11,4660
16-06-20,15,96,83,14,35,239,3623,195,80,17,44,39,3,9,0,6,4498
17-06-20,50,105,107,34,74,181,3257,184,77,46,149,18,4,34,0,0,4320
18-06-20,20,69,259,18,75,202,2788,205,174,35,145,40,9,12,0,9,4060
19-06-20,52,108,256,25,99,239,3518,233,173,84,160,23,10,31,1,4,5016
20-06-20,29,124,322,22,62,226,3074,263,134,23,222,14,8,33,1,7,4564
21-06-20,43,92,208,28,67,246,2775,238,181,17,193,37,18,28,0,10,4181
22-06-20,46,76,218,28,53,259,2411,192,122,22,190,32,7,44,0,10,3710
23-06-20,23,65,227,13,46,245,1994,148,121,14,130,16,4,26,0,6,3078
24-06-20,23,51,202,30,35,258,1916,213,134,20,109,9,4,16,0,0,3020
25-06-20,29,58,237,28,56,257,2473,234,150,12,178,24,12,17,1,12,3778
26-06-20,37,111,197,43,43,269,2058,209,154,33,189,37,6,31,0,5,3422
27-06-20,61,43,249,25,64,211,2295,152,142,29,150,17,7,23,4,9,3481
28-06-20,28,101,249,27,67,214,2048,244,112,33,189,35,15,28,1,5,3396
29-06-20,31,61,253,32,67,193,1913,201,103,20,152,30,8,22,1,5,3092
30-06-20,24,53,187,19,55,175,1759,217,65,12,82,14,8,11,0,9,2690
01-07-20,59,51,224,35,51,222,1026,134,148,16,119,15,3,25,0,6,2134
02-07-20,55,72,167,18,49,174,1071,154,88,31,92,20,1,44,4,2,2042
03-07-20,41,53,239,19,48,229,1544,128,125,20,135,46,5,65,0,6,2703
04-07-20,52,55,204,28,91,254,1717,185,147,34,103,37,6,36,0,2,2951
05-07-20,56,100,223,29,69,215,1623,175,109,28,133,26,3,59,0,4,2852
06-07-20,65,85,197,32,81,146,1286,152,98,31,113,32,5,23,0,8,2354
07-07-20,29,45,181,19,55,173,1012,185,104,16,85,14,3,22,0,3,1946
08-07-20,59,56,193,24,53,140,758,90,77,41,77,8,3,57,0,2,1638
09-07-20,82,40,210,54,63,173,1262,148,107,51,126,21,6,48,0,4,2395
10-07-20,43,68,150,25,87,204,1207,225,117,51,138,23,5,40,1,8,2392
11-07-20,57,66,266,40,84,169,1060,120,103,54,108,17,6,61,1,7,2219
12-07-20,71,70,181,44,53,216,1293,78,90,34,143,31,1,55,5,6,2371
13-07-20,93,23,175,35,47,161,1096,125,66,21,94,6,3,33,1,6,1985
14-07-20,71,21,157,28,9,147,656,105,71,23,73,10,5,56,0,12,1444
15-07-20,91,39,147,39,91,96,516,104,96,12,91,24,3,45,2,4,1400
16-07-20,101,30,147,14,55,154,921,133,119,44,151,21,9,49,1,0,1949
17-07-20,92,64,171,1,82,141,1104,152,103,5,123,11,21,50,3,2,2125
18-07-20,62,68,138,29,70,120,793,74,58,61,119,1,5,21,0,5,1624
19-07-20,37,55,156,34,132,139,622,99,118,16,116,16,7,64,0,4,1615
20-07-20,120,75,96,18,117,139,701,90,57,13,125,19,5,21,0,3,1599
21-07-20,93,45,67,45,60,132,507,81,108,21,97,21,3,60,0,2,1342
22-07-20,47,41,127,28,59,175,540,110,74,10,94,19,1,62,0,4,1391
23-07-20,110,64,132,48,137,165,732,100,102,26,153,19,6,44,0,3,1841
24-07-20,132,105,107,47,125,137,825,140,99,22,146,29,3,84,1,3,2005
25-07-20,93,48,89,45,149,188,645,91,108,17,139,21,4,110,2,3,1752
26-07-20,108,19,133,100,142,115,585,90,93,6,142,20,5,58,0,4,1620
27-07-20,49,84,103,13,99,113,588,84,69,47,106,28,3,76,1,12,1475
28-07-20,110,116,88,37,78,99,382,33,36,12,121,22,1,89,0,12,1236
29-07-20,76,38,102,40,120,85,457,67,90,19,118,33,2,43,1,3,1294
30-07-20,67,85,52,74,92,144,511,86,84,20,116,21,5,41,0,30,1428
31-07-20,75,17,106,74,138,117,545,78,76,18,145,35,2,94,3,17,1540
01-08-20,83,39,102,58,52,155,531,77,50,21,144,20,1,81,0,12,1426
02-08-20,70,42,97,66,100,149,525,65,74,20,151,30,4,71,1,17,1482
03-08-20,48,25,87,73,66,94,386,67,57,17,104,30,5,43,0,17,1119
04-08-20,64,44,53,17,96,120,312,37,73,10,107,19,2,73,0,22,1049
05-08-20,52,67,89,132,64,101,355,46,57,26,128,12,5,64,0,18,1216
06-08-20,84,13,85,50,107,164,459,79,67,13,141,41,5,53,1,21,1383
07-08-20,64,59,100,100,93,131,449,81,89,41,149,19,2,95,1,6,1479
08-08-20,53,22,121,90,85,168,430,152,90,36,118,14,7,93,0,32,1511
09-08-20,115,58,112,8,120,140,425,78,70,24,149,23,3,106,2,19,1452
10-08-20,67,30,108,196,102,139,339,63,44,33,90,25,8,46,0,29,1319
11-08-20,76,83,48,76,80,108,278,64,47,15,109,15,8,33,0,21,1061
12-08-20,103,42,55,76,61,117,293,78,50,17,74,27,2,64,0,12,1071
13-08-20,46,70,71,57,121,132,400,84,60,25,175,28,4,55,0,15,1343
14-08-20,67,42,93,69,91,154,462,63,60,22,144,26,5,66,0,32,1396
15-08-20,72,31,72,72,140,142,274,43,66,8,129,28,2,49,1,29,1158
16-08-20,62,29,87,57,110,175,384,66,78,10,163,22,5,80,0,55,1383
17-08-20,42,56,77,60,86,97,269,39,54,28,142,15,1,31,0,15,1012
18-08-20,39,32,38,64,82,79,178,42,53,27,90,31,2,41,0,48,846
19-08-20,31,44,48,37,74,108,198,54,57,24,107,19,2,42,0,31,876
20-08-20,50,37,40,21,79,123,381,83,85,34,192,23,4,69,0,44,1265
21-08-20,49,48,86,47,88,137,330,63,88,35,182,47,6,55,0,67,1328
22-08-20,55,29,55,51,96,131,354,51,77,49,174,42,5,45,2,51,1267
23-08-20,27,45,42,42,145,146,353,56,54,23,222,20,9,61,0,70,1315
24-08-20,63,34,81,51,97,122,304,78,59,49,200,14,2,38,1,72,1265
25-08-20,28,18,16,37,71,80,253,59,47,31,127,29,4,25,2,60,887
26-08-20,40,24,45,20,101,103,241,72,73,47,103,16,2,49,2,55,993
27-08-20,27,18,66,22,84,144,286,47,61,43,261,13,9,36,0,80,1197
28-08-20,47,22,35,31,90,149,328,64,51,63,199,25,5,75,3,40,1227
29-08-20,29,42,69,46,45,151,332,72,57,71,257,26,4,48,4,77,1330
30-08-20,26,29,67,45,58,163,358,66,77,43,177,26,5,61,0,76,1277
31-08-20,40,29,33,26,96,147,263,66,53,68,211,19,8,38,1,79,1177
01-09-20,37,5,39,36,47,105,259,70,46,17,122,25,8,27,0,83,926
02-09-20,17,33,44,30,84,141,311,67,62,16,126,36,3,42,0,102,1114
03-09-20,37,23,48,11,59,106,368,97,87,35,205,46,23,38,0,92,1275
04-09-20,31,26,30,21,66,141,330,76,119,64,241,39,9,42,0,84,1319
05-09-20,30,17,47,22,82,138,388,79,89,43,188,25,10,56,0,154,1368
06-09-20,24,23,41,20,62,139,399,60,99,55,228,27,12,77,1,97,1364
07-09-20,37,6,49,24,74,112,286,67,86,36,169,39,9,34,0,147,1175
08-09-20,20,16,48,19,37,91,205,58,43,30,130,29,8,18,0,87,839
09-09-20,27,31,40,38,49,82,325,53,77,27,138,45,25,30,0,61,1048
10-09-20,21,20,34,14,65,125,288,79,113,38,201,51,14,20,3,53,1139
11-09-20,38,24,38,34,71,132,258,82,109,73,193,66,18,68,0,100,1304
12-09-20,26,25,28,32,84,119,338,104,122,51,176,52,17,52,0,181,1407
13-09-20,29,26,35,27,53,137,334,88,117,72,187,65,27,39,6,171,1413
14-09-20,32,24,32,20,45,126,277,63,89,43,146,36,8,34,6,83,1064
15-09-20,27,21,36,38,52,106,196,100,62,32,138,61,12,61,4,79,1025
16-09-20,24,16,24,12,28,85,257,66,54,17,125,36,11,26,0,137,918
17-09-20,22,28,28,20,34,97,292,91,118,50,211,33,7,66,5,181,1283
18-09-20,20,17,26,24,50,149,251,81,87,43,177,44,7,40,3,78,1097
19-09-20,40,12,30,37,32,112,265,75,85,31,164,57,7,137,10,136,1230
20-09-20,34,13,23,12,22,82,263,76,82,43,129,38,6,70,0,155,1048
21-09-20,9,18,10,24,16,52,158,80,60,24,86,63,24,27,6,175,832
22-09-20,16,23,36,18,15,51,187,45,53,23,124,59,6,35,3,120,814
23-09-20,32,11,35,22,20,73,246,89,116,18,131,64,11,37,9,102,1016
24-09-20,30,7,42,20,24,119,299,80,110,30,209,42,18,66,15,171,1282
25-09-20,38,21,41,14,37,133,309,75,98,46,182,100,17,166,1,197,1475
26-09-20,30,29,34,27,38,133,361,81,113,52,194,57,22,95,17,175,1458
27-09-20,31,16,42,20,36,100,260,78,102,43,153,64,38,115,5,130,1233
28-09-20,36,15,25,33,22,67,275,48,69,21,152,65,19,98,0,167,1112
29-09-20,33,22,15,27,33,92,152,79,55,22,113,39,27,81,29,217,1036
30-09-20,42,20,21,22,24,98,337,71,74,12,115,120,24,47,12,146,1185
01-10-20,28,26,21,19,24,93,295,81,83,40,149,105,25,83,15,111,1198
02-10-20,44,24,32,24,28,83,311,56,95,49,139,105,23,83,11,101,1208
03-10-20,46,10,39,16,42,94,225,70,63,22,144,83,21,94,26,189,1184
04-10-20,37,17,21,10,23,98,222,44,46,21,144,77,32,71,23,130,1016
05-10-20,27,18,23,15,14,63,212,56,76,15,129,125,14,65,1,131,984
06-10-20,26,13,21,18,22,83,138,55,72,12,100,90,23,86,7,253,1019
07-10-20,34,13,16,14,18,60,205,35,40,11,83,68,27,44,23,112,803
08-10-20,44,21,43,16,25,73,223,66,73,38,128,127,19,81,8,119,1104
09-10-20,32,11,49,11,10,81,293,62,92,32,135,145,36,78,19,142,1228
10-10-20,27,21,21,17,22,89,234,57,85,16,169,93,29,105,19,196,1200
11-10-20,15,12,28,15,13,87,237,60,86,31,165,125,29,130,28,71,1132
12-10-20,25,13,34,17,15,76,218,40,75,22,131,97,9,78,15,76,941
13-10-20,33,6,18,12,14,46,183,80,54,31,141,96,19,85,10,70,898
14-10-20,33,27,16,17,7,40,195,32,48,22,105,85,14,81,14,86,822
15-10-20,25,13,24,14,19,66,189,42,39,5,146,121,18,85,23,60,889
16-10-20,30,21,26,18,17,73,268,36,51,17,226,118,28,144,9,59,1141
17-10-20,28,18,41,18,18,88,252,124,93,41,171,69,34,139,17,38,1189
18-10-20,29,12,17,16,20,85,255,74,77,21,181,143,21,133,6,59,1149
19-10-20,15,18,23,26,7,55,269,66,75,33,126,97,23,88,22,91,1034
20-10-20,11,5,34,11,14,48,146,48,46,12,113,71,30,62,15,60,726
21-10-20,27,31,12,11,14,51,189,48,39,22,119,108,18,77,19,45,830
22-10-20,30,21,29,19,11,55,253,56,57,31,136,80,39,141,12,60,1030
23-10-20,26,22,25,16,10,56,232,43,77,32,186,195,28,152,8,52,1160
24-10-20,28,14,33,10,15,63,256,59,77,27,196,116,29,140,6,52,1121
25-10-20,28,14,25,13,13,61,241,48,80,19,164,113,36,117,0,54,1026
26-10-20,21,18,34,15,8,47,237,32,53,30,167,132,29,115,11,61,1010
27-10-20,8,5,15,9,4,27,86,32,28,15,139,62,35,76,4,24,569
28-10-20,10,10,28,13,17,36,186,22,16,17,110,134,34,60,3,42,738
29-10-20,21,11,24,7,14,53,258,56,87,30,167,129,24,124,8,51,1064
30-10-20,19,27,25,12,9,46,203,33,78,39,152,102,45,133,1,41,965
31-10-20,22,17,17,11,12,49,264,33,65,26,174,116,71,107,8,85,1077
01-11-20,6,19,25,9,13,62,223,32,47,38,145,136,51,162,3,60,1031
02-11-20,9,14,23,5,5,26,198,26,58,12,141,79,64,106,8,50,824
03-11-20,16,6,14,3,11,33,147,23,34,37,119,99,34,67,1,44,688
04-11-20,13,16,10,7,5,32,140,21,22,6,115,96,32,68,14,36,633
05-11-20,26,18,25,0,8,53,235,32,59,15,201,192,46,81,6,47,1044
06-11-20,24,8,21,0,8,49,227,40,55,37,190,189,51,177,6,63,1145
07-11-20,18,13,38,2,6,50,200,21,61,27,211,136,30,138,6,69,1026
08-11-20,19,14,12,4,5,67,203,39,35,33,191,203,61,108,5,59,1058
09-11-20,16,13,13,4,9,40,145,33,51,30,168,113,40,106,5,50,836
10-11-20,5,13,11,6,4,32,129,11,29,35,105,133,24,107,3,40,687
11-11-20,11,13,6,5,6,46,112,19,26,12,131,133,34,59,8,15,636
12-11-20,18,16,25,0,15,71,219,30,51,41,274,126,51,144,7,57,1145
13-11-20,9,22,14,8,2,61,188,20,97,39,199,93,57,158,2,43,1012
14-11-20,12,14,15,4,15,46,205,40,47,31,225,173,39,159,4,64,1093
15-11-20,17,17,17,7,8,67,236,17,53,24,189,112,52,164,6,43,1029
16-11-20,6,3,11,4,3,28,175,33,49,67,198,64,39,136,3,29,848
17-11-20,2,15,10,6,6,29,109,23,44,27,134,90,53,85,3,20,656
18-11-20,15,23,3,17,9,39,161,16,27,21,145,90,31,70,7,23,697
19-11-20,15,10,17,4,10,46,221,26,62,40,256,146,35,117,8,38,1051
20-11-20,14,16,17,5,20,52,220,16,49,51,217,139,72,124,4,55,1071
21-11-20,4,16,18,1,17,35,221,36,59,38,234,120,54,120,7,39,1019
22-11-20,5,5,11,3,9,41,197,30,57,43,192,147,50,114,5,52,961
23-11-20,15,13,11,5,16,37,184,42,37,38,209,68,39,122,1,66,903
24-11-20,2,8,8,4,16,51,138,24,39,30,125,95,29,61,2,70,702
25-11-20,4,25,8,3,16,35,173,13,34,27,191,113,41,56,8,33,780
26-11-20,8,18,18,2,13,75,207,34,57,50,262,123,47,108,4,56,1082
27-11-20,6,27,24,9,8,52,195,20,59,34,261,127,42,81,2,67,1014
28-11-20,11,13,18,20,26,50,270,38,49,43,229,131,43,97,9,86,1133
29-11-20,6,13,18,5,15,69,244,23,52,37,204,100,29,117,6,55,993
30-11-20,13,14,30,9,9,33,197,27,63,44,199,87,39,71,6,43,884
01-12-20,2,20,16,1,12,30,136,26,26,33,178,118,28,65,1,55,747
02-12-20,8,6,8,9,12,43,196,33,38,18,171,129,30,54,1,17,773
03-12-20,10,13,5,3,16,63,204,34,58,51,324,98,56,83,3,58,1079
04-12-20,8,19,15,5,15,59,309,28,40,57,260,143,44,83,2,68,1155
05-12-20,7,3,17,8,44,65,236,18,46,42,230,104,31,103,6,54,1014
06-12-20,6,18,17,0,12,67,282,20,53,36,266,101,64,82,4,50,1078
07-12-20,5,38,11,6,43,59,199,41,57,33,280,163,52,79,2,64,1132
08-12-20,0,7,14,8,9,51,222,54,90,44,180,108,56,71,2,42,958
09-12-20,10,16,13,10,13,35,264,24,44,27,204,109,36,67,11,62,945
10-12-20,7,14,20,6,26,56,245,33,62,52,325,85,44,109,2,42,1128
11-12-20,5,34,22,8,15,69,252,39,56,38,225,154,55,75,2,63,1112
12-12-20,12,0,20,5,22,66,316,37,82,40,330,102,45,134,5,65,1281
13-12-20,13,54,38,7,15,100,321,29,70,50,341,180,61,90,2,56,1427
14-12-20,7,27,27,3,54,55,344,35,99,44,295,66,47,58,5,77,1243
15-12-20,7,41,22,3,18,64,253,26,96,30,203,150,35,69,2,45,1064
16-12-20,9,51,18,5,20,63,253,30,104,37,225,82,45,64,8,38,1052
17-12-20,2,57,49,10,24,113,350,42,69,49,320,87,44,141,5,52,1414
18-12-20,31,43,28,8,34,74,416,31,116,47,348,147,63,104,2,59,1551
19-12-20,7,34,27,4,25,91,362,61,121,49,339,176,63,90,11,57,1517
20-12-20,11,38,29,10,31,94,294,44,102,52,311,157,59,114,7,58,1411
21-12-20,8,46,31,13,28,54,262,53,130,41,321,110,48,78,6,47,1276
22-12-20,8,55,29,11,32,71,224,23,67,32,203,99,58,108,6,60,1086
23-12-20,10,59,34,8,25,69,308,36,115,31,231,122,48,141,8,36,1281
24-12-20,24,53,44,12,30,115,381,37,111,74,365,119,53,98,9,73,1598
25-12-20,10,67,65,9,34,107,364,34,124,68,318,117,45,153,8,74,1597
26-12-20,11,60,42,5,31,91,354,56,152,67,326,143,66,169,10,35,1618
27-12-20,4,52,20,8,15,78,255,32,78,48,243,121,22,102,7,20,1105
28-12-20,13,54,52,5,22,61,393,55,152,44,195,138,17,123,18,53,1395
29-12-20,11,66,52,8,24,41,365,33,117,44,259,91,95,136,7,61,1410
30-12-20,19,104,71,5,36,100,416,52,132,40,262,93,48,116,11,49,1554
31-12-20,12,43,70,6,42,167,520,45,135,70,462,152,81,165,14,52,2036
01-01-21,22,100,86,12,61,161,549,97,190,92,386,175,79,192,9,110,2321
02-01-21,22,55,69,23,36,209,530,62,25,44,375,157,99,273,5,71,2055
03-01-21,17,54,51,16,26,100,264,64,282,66,260,122,43,101,6,20,1492
04-01-21,4,69,82,22,33,96,348,66,202,57,180,249,64,213,7,59,1751
05-01-21,14,202,93,7,46,102,485,68,208,50,264,115,57,111,1,62,1885
06-01-21,19,114,108,10,20,122,443,73,129,39,248,163,81,207,18,102,1896
07-01-21,22,71,161,34,52,214,570,94,159,49,476,173,117,309,12,101,2614
08-01-21,22,171,81,32,55,226,604,87,160,82,375,258,122,286,22,102,2685
09-01-21,37,107,127,32,60,188,579,96,197,68,451,212,150,360,17,81,2762
10-01-21,18,97,141,31,46,258,588,93,162,84,397,215,120,312,27,74,2663
11-01-21,53,104,156,1,91,134,477,107,153,54,406,160,125,342,23,65,2451
12-01-21,25,100,122,52,38,163,392,76,106,70,283,203,100,204,4,105,2043
13-01-21,18,111,139,45,51,154,485,41,201,55,254,191,62,406,25,90,2328
14-01-21,47,188,122,27,46,196,510,100,323,60,390,231,118,271,19,77,2725
15-01-21,18,194,161,36,82,180,513,94,240,76,445,258,96,361,44,101,2899
16-01-21,35,97,291,47,62,144,502,94,196,73,424,178,139,318,17,60,2677
17-01-21,52,115,266,29,51,191,517,105,211,83,374,209,111,385,32,46,2777
18-01-21,43,87,265,30,54,110,440,105,199,79,348,184,104,290,9,83,2430
19-01-21,46,143,244,26,63,126,378,91,135,69,324,168,123,258,31,58,2283
20-01-21,27,142,98,32,56,138,441,94,236,73,270,255,92,416,36,62,2468
21-01-21,35,126,132,64,83,274,577,132,219,85,426,232,137,391,26,110,3049
22-01-21,38,83,375,49,76,199,612,169,200,100,445,221,155,440,28,106,3296
23-01-21,39,108,224,43,73,173,513,85,151,99,415,206,133,409,25,64,2760
24-01-21,34,86,204,36,80,176,607,128,134,99,343,255,146,404,30,60,2822
25-01-21,48,80,186,45,76,104,476,68,271,62,347,198,114,361,22,76,2534
26-01-21,18,67,172,43,87,120,378,99,147,85,217,171,132,265,13,40,2054
27-01-21,41,117,156,51,68,132,484,144,240,69,228,279,118,244,18,34,2423
28-01-21,52,64,232,52,81,183,636,103,210,82,421,167,111,435,8,59,2896
29-01-21,48,107,201,30,115,208,494,154,311,103,334,154,141,425,23,93,2941
30-01-21,47,57,166,53,88,138,556,152,221,97,295,224,107,340,17,64,2622
31-01-21,47,62,220,55,83,170,439,83,221,89,373,232,118,345,21,70,2628
01-02-21,45,40,139,70,98,145,389,108,205,85,274,191,81,336,6,66,2278
02-02-21,26,251,176,31,86,69,306,123,189,80,204,143,90,173,8,60,2015
03-02-21,25,93,123,22,76,101,349,96,168,64,179,153,93,227,17,42,1828
04-02-21,47,87,190,31,108,164,455,74,187,104,342,156,119,327,11,54,2456
05-02-21,33,66,178,27,118,152,451,104,204,72,314,255,102,275,14,80,2445
06-02-21,48,86,166,48,111,149,592,111,202,96,321,201,101,314,14,56,2616
07-02-21,54,64,137,36,91,137,533,107,236,89,287,191,109,266,19,55,2411
08-02-21,47,69,194,36,109,150,462,78,170,88,289,128,101,208,15,47,2191
09-02-21,25,64,143,40,80,118,367,90,156,103,216,204,57,207,6,35,1911
10-02-21,40,77,106,35,57,128,437,66,113,71,206,137,69,166,13,71,1792
11-02-21,40,77,186,22,102,178,562,101,231,78,378,240,86,239,25,55,2600
12-02-21,44,61,192,30,124,158,609,93,216,120,478,186,137,247,16,45,2756
13-02-21,27,91,185,39,89,144,582,122,170,132,321,250,71,219,20,75,2537
14-02-21,58,78,156,26,117,199,549,135,178,90,378,193,76,214,15,40,2502
15-02-21,35,67,128,27,109,116,502,63,170,99,322,182,101,204,14,33,2172
16-02-21,27,71,88,28,69,131,457,55,121,58,252,153,83,136,12,41,1782
17-02-21,21,60,84,38,43,153,446,83,77,55,247,214,46,175,8,29,1779
18-02-21,46,131,161,12,119,193,630,95,188,90,384,156,90,231,20,50,2596
19-02-21,52,65,130,17,84,192,620,117,184,66,360,196,109,195,20,63,2470
20-02-21,38,93,140,44,115,252,496,101,164,94,421,239,87,206,19,41,2550
21-02-21,47,92,136,31,125,156,528,103,184,75,383,200,133,162,8,47,2410
22-02-21,47,61,131,14,117,158,604,93,175,55,314,251,108,161,13,29,2331
23-02-21,33,72,105,41,68,105,347,33,116,47,271,126,70,99,9,21,1563
24-02-21,27,53,80,35,64,166,508,125,96,66,263,241,70,167,3,34,1998
25-02-21,44,130,163,13,121,297,647,121,192,93,433,233,159,217,11,39,2913
26-02-21,33,79,162,29,156,243,794,192,199,118,490,328,145,186,15,41,3210
27-02-21,41,71,154,36,122,242,757,152,232,85,459,249,166,271,10,41,3088
28-02-21,25,66,119,24,135,245,663,133,127,57,439,251,134,158,8,28,2612
01-03-21,31,36,105,11,128,186,635,146,210,107,446,300,137,206,9,39,2732
02-03-21,35,39,84,37,114,164,353,111,127,60,328,271,101,113,3,23,1963
03-03-21,14,93,96,39,90,195,608,140,127,37,349,246,140,186,7,20,2387
04-03-21,41,93,130,23,158,224,766,117,206,140,600,232,167,238,8,49,3192
05-03-21,44,77,115,36,174,285,1071,147,233,85,497,358,192,295,15,47,3671
06-03-21,27,6,115,23,162,309,898,172,247,112,629,277,223,254,11,43,3508
07-03-21,25,5,131,20,174,280,1128,203,247,87,507,324,133,255,10,33,3562
08-03-21,52,22,110,35,130,249,874,182,221,76,547,290,140,196,8,25,3157
09-03-21,15,67,93,26,118,218,598,129,105,87,419,269,131,153,4,32,2464
10-03-21,25,253,65,39,103,229,962,127,156,93,419,275,129,130,5,14,3024
11-03-21,41,78,137,46,142,340,1187,157,269,81,652,338,168,228,11,37,3912
12-03-21,42,114,117,24,183,348,1068,235,211,151,754,376,189,259,6,46,4123
13-03-21,39,104,119,35,161,354,1200,192,212,142,622,377,167,280,7,41,4052
14-03-21,25,122,104,54,166,298,1203,177,219,99,697,344,155,208,4,36,3911
15-03-21,63,54,111,28,133,313,1069,160,200,108,607,247,124,144,14,15,3390
16-03-21,24,46,98,43,125,184,922,250,232,83,653,302,133,190,6,12,3303
17-03-21,19,68,92,42,90,385,1061,181,178,94,397,361,170,165,11,9,3323
18-03-21,53,113,137,19,163,478,1578,209,238,89,525,398,178,184,6,23,4391
19-03-21,34,102,118,41,184,383,1423,222,213,160,723,384,239,215,7,34,4482
20-03-21,52,82,138,29,188,428,1456,229,289,107,734,520,179,241,12,27,4711
21-03-21,30,112,107,55,138,481,1536,250,238,167,681,300,201,262,9,23,4590
22-03-21,24,123,139,31,150,381,1301,199,294,89,693,345,149,204,8,12,4142
23-03-21,25,90,95,34,119,262,1126,139,316,137,530,355,146,135,8,15,3532
24-03-21,22,159,97,41,96,419,1219,217,184,148,519,358,126,159,13,18,3795
25-03-21,49,125,148,34,147,573,1752,210,245,150,630,392,214,262,7,33,4971
26-03-21,37,121,119,28,152,500,1866,286,281,110,790,432,183,269,20,12,5206
27-03-21,35,107,126,28,190,540,2058,212,282,109,610,393,202,210,4,29,5135
28-03-21,50,106,109,30,122,564,1609,247,291,151,644,437,169,227,12,19,4787
29-03-21,24,40,113,40,114,487,1980,246,268,142,637,275,95,168,2,37,4668
30-03-21,23,110,70,35,152,311,1065,210,256,103,440,325,153,136,11,27,3427
31-03-21,47,182,84,50,66,445,1843,231,406,184,441,328,136,106,16,16,4581
01-04-21,48,136,142,29,169,618,2068,234,254,150,696,274,139,293,21,21,5292
02-04-21,30,87,143,33,194,576,2009,322,341,136,628,355,170,272,17,35,5348
03-04-21,19,138,114,63,166,508,2277,270,285,130,656,295,186,189,9,29,5334
04-04-21,48,95,134,61,145,492,1907,282,312,94,555,277,130,249,14,23,4818
05-04-21,26,52,95,48,107,423,1599,227,395,162,375,364,111,94,13,24,4115
06-04-21,22,115,88,60,98,361,1667,211,281,102,484,256,104,129,10,22,4010
07-04-21,32,199,105,65,73,382,1780,193,321,84,465,231,112,123,13,16,4194
08-04-21,74,151,177,45,134,631,2258,232,335,136,641,377,131,248,25,58,5653
09-04-21,57,131,157,52,181,640,2421,367,456,162,703,405,230,288,11,19,6280
10-04-21,41,133,130,68,95,534,2025,273,475,184,559,385,147,272,9,48,5378
11-04-21,48,85,116,69,160,573,1935,255,429,159,603,355,139,167,16,53,5162
12-04-21,44,77,90,41,143,434,1472,245,302,127,506,289,73,144,9,43,4039
13-04-21,27,105,120,47,85,382,1510,246,321,106,416,269,92,121,0,20,3867
14-04-21,21,98,79,74,73,408,1714,246,425,108,422,281,90,121,13,47,4220
15-04-21,60,168,164,46,143,486,1887,172,432,120,641,372,135,280,13,52,5171
16-04-21,55,101,133,38,161,460,1658,297,429,166,548,412,215,238,22,57,4990
17-04-21,68,124,140,80,129,513,1860,284,376,139,642,442,91,226,17,36,5167
18-04-21,30,97,112,87,117,412,1727,273,445,135,486,381,122,192,18,52,4686
19-04-21,45,70,121,50,132,384,1569,217,374,95,477,319,155,122,12,42,4184
20-04-21,18,85,97,62,95,304,1345,207,300,96,333,262,78,112,10,53,3457
21-04-21,36,145,90,82,82,323,1493,164,378,57,350,239,107,121,8,41,3716
22-04-21,79,130,135,59,120,428,1832,157,317,126,492,355,78,219,25,72,4624
23-04-21,54,82,126,53,173,410,1991,240,511,110,464,390,136,197,33,68,5038
24-04-21,56,82,116,70,126,445,1640,249,373,144,482,325,124,170,14,64,4480
25-04-21,53,76,87,59,110,412,1714,214,400,112,494,254,121,192,32,56,4386
26-04-21,48,113,112,43,122,350,1437,163,392,121,363,255,97,149,17,72,3854
27-04-21,30,84,68,45,100,261,938,212,287,86,256,236,67,97,15,81,2863
28-04-21,34,120,68,68,81,349,1382,158,319,78,252,199,95,103,14,50,3370
29-04-21,50,107,113,30,153,396,2015,183,398,105,505,333,76,180,13,81,4738
30-04-21,36,103,138,54,157,342,1941,240,383,117,460,393,169,184,28,97,4842
01-05-21,44,88,99,62,139,310,1645,224,314,122,426,434,103,168,23,84,4285
02-05-21,61,96,103,63,93,311,1621,184,372,92,381,396,79,159,36,68,4115
03-05-21,41,96,87,35,124,266,1048,213,314,107,314,214,100,102,9,63,3133
04-05-21,18,64,57,34,74,152,845,119,217,61,223,212,82,65,23,57,2303
05-05-21,28,94,52,44,71,259,1264,167,200,63,259,158,93,93,10,64,2919
06-05-21,67,69,83,47,129,380,1681,191,389,136,388,284,126,207,14,100,4291
07-05-21,34,122,103,53,168,313,1893,273,404,106,364,362,120,148,29,62,4554
08-05-21,45,74,103,56,126,326,1695,223,395,109,392,310,108,207,20,62,4251
09-05-21,68,80,99,44,103,333,1396,170,329,103,350,265,109,173,15,77,3714
10-05-21,46,58,68,22,129,209,1472,197,307,118,289,274,65,143,29,52,3478
11-05-21,21,99,83,38,100,188,1126,149,169,53,274,194,73,104,13,38,2722
12-05-21,25,43,66,61,74,226,1477,152,230,74,247,214,92,121,41,78,3221
13-05-21,58,83,114,25,135,330,1851,196,392,101,440,265,118,168,30,49,4355
14-05-21,58,120,104,39,142,307,1910,195,350,140,399,327,96,242,16,79,4524
15-05-21,49,73,102,46,171,345,1960,294,390,117,476,308,105,209,36,52,4733
16-05-21,41,59,92,43,121,314,2007,235,333,132,385,260,100,202,22,60,4406
17-05-21,26,76,78,27,138,260,1445,175,271,111,430,281,77,159,39,52,3645
18-05-21,16,63,61,45,114,169,1166,240,242,52,312,151,71,134,34,38,2908
19-05-21,24,86,94,62,81,268,1785,267,253,94,282,166,100,170,58,47,3837
20-05-21,55,93,113,55,174,437,2374,214,381,147,533,288,132,288,51,59,5394
21-05-21,76,68,121,79,172,346,2131,322,347,157,500,331,139,229,41,86,5145
22-05-21,55,60,92,65,181,361,2273,309,375,116,474,244,137,266,42,54,5104
23-05-21,34,73,93,36,170,291,1885,202,333,152,394,234,90,210,15,61,4273
24-05-21,36,61,93,64,128,274,1740,206,343,77,360,253,82,129,72,34,3952
25-05-21,32,46,78,75,104,231,1440,178,250,95,287,131,84,120,26,42,3219
26-05-21,43,42,76,65,113,329,2012,227,272,84,317,199,117,211,40,35,4182
27-05-21,56,74,107,42,179,446,2708,252,414,169,475,284,191,275,54,43,5769
28-05-21,48,87,140,53,248,426,2578,341,381,151,565,378,171,246,40,47,5900
29-05-21,53,86,107,90,194,418,2670,228,373,138,541,324,142,272,39,28,5703
30-05-21,44,63,96,67,219,388,2382,338,343,94,461,281,147,284,33,55,5295
31-05-21,48,66,91,39,144,337,2043,250,370,116,365,238,116,209,38,19,4489
01-06-21,35,56,89,57,183,239,1579,251,251,98,283,202,78,113,37,20,3571
02-06-21,40,47,72,54,118,382,2159,232,287,90,313,163,123,177,46,36,4339
03-06-21,56,56,111,33,198,433,2786,298,397,155,427,243,164,255,56,47,5715
04-06-21,43,41,98,21,208,427,2793,372,405,169,501,314,126,223,43,43,5827
05-06-21,50,62,117,66,226,436,2899,333,364,136,481,313,157,226,56,37,5959
06-06-21,41,53,123,121,221,424,2311,295,274,137,464,278,107,172,53,20,5094
07-06-21,43,54,92,22,200,374,2151,171,274,129,362,261,118,174,21,13,4459
08-06-21,26,67,87,53,138,349,1792,296,283,81,274,189,79,118,16,15,3863
09-06-21,30,54,51,46,136,402,2147,251,250,74,278,163,106,136,53,19,4196
10-06-21,45,74,101,44,149,511,2516,266,375,134,495,236,139,238,35,38,5396
11-06-21,60,63,91,35,252,436,2523,256,353,121,431,305,186,222,47,32,5413
12-06-21,40,67,93,57,224,429,2345,276,400,115,428,304,145,161,37,22,5143
13-06-21,38,50,70,110,215,469,2238,263,295,134,378,271,156,219,45,33,4984
14-06-21,64,51,124,56,210,309,1802,174,289,100,332,225,86,131,37,22,4012
15-06-21,35,32,78,51,213,283,1366,211,200,110,223,166,97,101,34,13,3213
16-06-21,40,48,72,95,86,396,1747,189,188,52,270,117,82,123,45,24,3574
17-06-21,61,84,99,61,244,448,2023,193,294,93,367,265,109,209,52,18,4620
18-06-21,71,64,88,67,240,449,1824,210,344,95,411,241,195,165,45,33,4542
19-06-21,65,63,85,87,211,325,1838,205,324,109,328,275,124,134,36,15,4224
20-06-21,59,48,74,60,195,406,1622,224,267,108,360,217,125,123,28,19,3935
21-06-21,45,30,85,38,230,347,1459,171,250,107,275,189,64,127,16,19,3452
22-06-21,51,51,54,49,112,266,1018,84,127,45,161,202,72,98,19,10,2419
23-06-21,41,18,45,38,82,211,980,134,140,56,172,102,64,61,10,11,2165
24-06-21,28,39,63,39,102,314,1225,116,184,55,210,162,111,81,23,8,2760
25-06-21,73,50,109,70,189,385,1467,196,236,85,430,233,163,175,44,28,3933